INSERT INTO [Wojewodztwo] ([ID_Wojewodztwo], [Nazwa_woj]) VALUES (1, "Dolnoœl¹skie");
INSERT INTO [Wojewodztwo] ([ID_Wojewodztwo], [Nazwa_woj]) VALUES (2, "Kujawsko-Pomorskie");
INSERT INTO [Wojewodztwo] ([ID_Wojewodztwo], [Nazwa_woj]) VALUES (3, "Lubelskie");
INSERT INTO [Wojewodztwo] ([ID_Wojewodztwo], [Nazwa_woj]) VALUES (4, "Lubuskie");
INSERT INTO [Wojewodztwo] ([ID_Wojewodztwo], [Nazwa_woj]) VALUES (5, "£ódzkie");
INSERT INTO [Wojewodztwo] ([ID_Wojewodztwo], [Nazwa_woj]) VALUES (6, "Ma³opolskie");
INSERT INTO [Wojewodztwo] ([ID_Wojewodztwo], [Nazwa_woj]) VALUES (7, "Mazowieckie");
INSERT INTO [Wojewodztwo] ([ID_Wojewodztwo], [Nazwa_woj]) VALUES (8, "Opolskie");
INSERT INTO [Wojewodztwo] ([ID_Wojewodztwo], [Nazwa_woj]) VALUES (9, "Podkarpackie");
INSERT INTO [Wojewodztwo] ([ID_Wojewodztwo], [Nazwa_woj]) VALUES (10, "Podlaskie");
INSERT INTO [Wojewodztwo] ([ID_Wojewodztwo], [Nazwa_woj]) VALUES (11, "Pomorskie");
INSERT INTO [Wojewodztwo] ([ID_Wojewodztwo], [Nazwa_woj]) VALUES (12, "Œl¹skie");
INSERT INTO [Wojewodztwo] ([ID_Wojewodztwo], [Nazwa_woj]) VALUES (13, "Œwiêtokrzyskie");
INSERT INTO [Wojewodztwo] ([ID_Wojewodztwo], [Nazwa_woj]) VALUES (14, "Warmiñsko-Mazurskie");
INSERT INTO [Wojewodztwo] ([ID_Wojewodztwo], [Nazwa_woj]) VALUES (15, "Wielkopolskie");
INSERT INTO [Wojewodztwo] ([ID_Wojewodztwo], [Nazwa_woj]) VALUES (16, "Zachodniopomorskie");
INSERT INTO [Adres_code] ([ID_adres_code], [ZIP], [Miasto], [ID_Wojewodztwa]) VALUES (1, "80-299", "Gdañsk", 11);
INSERT INTO [Adres_code] ([ID_adres_code], [ZIP], [Miasto], [ID_Wojewodztwa]) VALUES (2, "81-824", "Sopot", 11);
INSERT INTO [Adres_code] ([ID_adres_code], [ZIP], [Miasto], [ID_Wojewodztwa]) VALUES (3, "81-824", "Sopot", 11);
INSERT INTO [Adres_code] ([ID_adres_code], [ZIP], [Miasto], [ID_Wojewodztwa]) VALUES (4, "80-306", "Gdañsk", 11);
INSERT INTO [Adres_code] ([ID_adres_code], [ZIP], [Miasto], [ID_Wojewodztwa]) VALUES (5, "80-306", "Gdañsk", 11);
INSERT INTO [Adres_code] ([ID_adres_code], [ZIP], [Miasto], [ID_Wojewodztwa]) VALUES (6, "80-306", "Gdañsk", 11);
INSERT INTO [Adres_code] ([ID_adres_code], [ZIP], [Miasto], [ID_Wojewodztwa]) VALUES (7, "80-308", "Gdañsk", 11);
INSERT INTO [Adres_code] ([ID_adres_code], [ZIP], [Miasto], [ID_Wojewodztwa]) VALUES (8, "80-844", "Gdañsk", 11);
INSERT INTO [Adres_code] ([ID_adres_code], [ZIP], [Miasto], [ID_Wojewodztwa]) VALUES (9, "80-506", "Gdañsk", 11);
INSERT INTO [Adres_code] ([ID_adres_code], [ZIP], [Miasto], [ID_Wojewodztwa]) VALUES (10, "11-507", "Gi¿ycko", 11);
INSERT INTO [Adres_code] ([ID_adres_code], [ZIP], [Miasto], [ID_Wojewodztwa]) VALUES (11, "71-381", "Szczecin", 16);
INSERT INTO [Adres_code] ([ID_adres_code], [ZIP], [Miasto], [ID_Wojewodztwa]) VALUES (12, "80-281", "Gdañsk", 11);
INSERT INTO [Adres_code] ([ID_adres_code], [ZIP], [Miasto], [ID_Wojewodztwa]) VALUES (13, "71-381", "Szczecin", 16);
INSERT INTO [Adres_code] ([ID_adres_code], [ZIP], [Miasto], [ID_Wojewodztwa]) VALUES (14, "82-200", "Malbork", 11);
INSERT INTO [Adres_code] ([ID_adres_code], [ZIP], [Miasto], [ID_Wojewodztwa]) VALUES (15, "89-600", "Chojnice", 11);
INSERT INTO [Adres_code] ([ID_adres_code], [ZIP], [Miasto], [ID_Wojewodztwa]) VALUES (16, "34-500", "Zakopane", 6);
INSERT INTO [Adres_code] ([ID_adres_code], [ZIP], [Miasto], [ID_Wojewodztwa]) VALUES (17, "11-400", "Kêtrzyn", 14);
INSERT INTO [Adres_code] ([ID_adres_code], [ZIP], [Miasto], [ID_Wojewodztwa]) VALUES (18, "30-236", "Kraków", 6);
INSERT INTO [Adres_code] ([ID_adres_code], [ZIP], [Miasto], [ID_Wojewodztwa]) VALUES (19, "15-668", "Bia³ystok", 3);
INSERT INTO [Adres_code] ([ID_adres_code], [ZIP], [Miasto], [ID_Wojewodztwa]) VALUES (20, "15-698", "Bia³ystok", 3);
INSERT INTO [Adres_code] ([ID_adres_code], [ZIP], [Miasto], [ID_Wojewodztwa]) VALUES (21, "91-504", "£ódŸ", 5);
INSERT INTO [Adres_code] ([ID_adres_code], [ZIP], [Miasto], [ID_Wojewodztwa]) VALUES (22, "14-300", "Mor¹g", 14);
INSERT INTO [Adres_code] ([ID_adres_code], [ZIP], [Miasto], [ID_Wojewodztwa]) VALUES (23, "04-284", "Warszawa", 7);
INSERT INTO [Adres_code] ([ID_adres_code], [ZIP], [Miasto], [ID_Wojewodztwa]) VALUES (24, "00-581", "Warszawa", 7);
INSERT INTO [Adres_code] ([ID_adres_code], [ZIP], [Miasto], [ID_Wojewodztwa]) VALUES (25, "44-268", "Jastrzêbie-Zdrój", 12);
INSERT INTO [Adres_code] ([ID_adres_code], [ZIP], [Miasto], [ID_Wojewodztwa]) VALUES (26, "54-020", "Wroc³aw", 1);
INSERT INTO [Adres_code] ([ID_adres_code], [ZIP], [Miasto], [ID_Wojewodztwa]) VALUES (27, "85-808", "Bydgoszcz", 2);
INSERT INTO [Adres_code] ([ID_adres_code], [ZIP], [Miasto], [ID_Wojewodztwa]) VALUES (28, "41-200", "Sosnowiec", 12);
INSERT INTO [Adres_code] ([ID_adres_code], [ZIP], [Miasto], [ID_Wojewodztwa]) VALUES (29, "50-566", "Wroc³aw", 1);
INSERT INTO [Adres_code] ([ID_adres_code], [ZIP], [Miasto], [ID_Wojewodztwa]) VALUES (30, "80-307", "Gdañsk", 11);
INSERT INTO [Adres_code] ([ID_adres_code], [ZIP], [Miasto], [ID_Wojewodztwa]) VALUES (31, "80-308", "Gdañsk", 11);
INSERT INTO [Adres_code] ([ID_adres_code], [ZIP], [Miasto], [ID_Wojewodztwa]) VALUES (32, "80-308", "Gdañsk", 11);
INSERT INTO [Adres_code] ([ID_adres_code], [ZIP], [Miasto], [ID_Wojewodztwa]) VALUES (33, "81-824", "Sopot", 11);
INSERT INTO [Adres_code] ([ID_adres_code], [ZIP], [Miasto], [ID_Wojewodztwa]) VALUES (34, "80-308", "Gdañsk", 11);
INSERT INTO [Adres_code] ([ID_adres_code], [ZIP], [Miasto], [ID_Wojewodztwa]) VALUES (35, "80-308", "Gdañsk", 11);
INSERT INTO [Adres_code] ([ID_adres_code], [ZIP], [Miasto], [ID_Wojewodztwa]) VALUES (36, "80-308", "Gdañsk", 11);
INSERT INTO [Adres_code] ([ID_adres_code], [ZIP], [Miasto], [ID_Wojewodztwa]) VALUES (37, "80-309", "Gdañsk", 11);
INSERT INTO [Adres_code] ([ID_adres_code], [ZIP], [Miasto], [ID_Wojewodztwa]) VALUES (38, "81-378", "Gdynia", 11);
INSERT INTO [Adres_code] ([ID_adres_code], [ZIP], [Miasto], [ID_Wojewodztwa]) VALUES (39, "80-309", "Gdañsk", 11);
INSERT INTO [Adres_code] ([ID_adres_code], [ZIP], [Miasto], [ID_Wojewodztwa]) VALUES (40, "81-824", "Sopot", 11);
INSERT INTO [Adres_code] ([ID_adres_code], [ZIP], [Miasto], [ID_Wojewodztwa]) VALUES (41, "41-923", "Bytom", 12);
INSERT INTO [Adres_code] ([ID_adres_code], [ZIP], [Miasto], [ID_Wojewodztwa]) VALUES (42, "25-517", "Kielce", 13);
INSERT INTO [Adres_code] ([ID_adres_code], [ZIP], [Miasto], [ID_Wojewodztwa]) VALUES (43, "03-699", "Warszawa", 7);
INSERT INTO [Adres_code] ([ID_adres_code], [ZIP], [Miasto], [ID_Wojewodztwa]) VALUES (44, "03-171", "Warszawa", 7);
INSERT INTO [Adres_code] ([ID_adres_code], [ZIP], [Miasto], [ID_Wojewodztwa]) VALUES (45, "30-441", "Kraków", 6);
INSERT INTO [Adres_code] ([ID_adres_code], [ZIP], [Miasto], [ID_Wojewodztwa]) VALUES (46, "80-299", "Gdañsk", 11);
INSERT INTO [Adres_code] ([ID_adres_code], [ZIP], [Miasto], [ID_Wojewodztwa]) VALUES (47, "41-710", "Ruda Œl¹ska", 12);
INSERT INTO [Adres_code] ([ID_adres_code], [ZIP], [Miasto], [ID_Wojewodztwa]) VALUES (48, "53-148", "Wroc³aw", 1);
INSERT INTO [Adres_code] ([ID_adres_code], [ZIP], [Miasto], [ID_Wojewodztwa]) VALUES (49, "60-682", "Poznañ", 15);
INSERT INTO [Adres_code] ([ID_adres_code], [ZIP], [Miasto], [ID_Wojewodztwa]) VALUES (50, "50-538", "Wroc³aw", 1);
INSERT INTO [Adres_code] ([ID_adres_code], [ZIP], [Miasto], [ID_Wojewodztwa]) VALUES (51, "45-675", "Opole", 8);
INSERT INTO [Adres_code] ([ID_adres_code], [ZIP], [Miasto], [ID_Wojewodztwa]) VALUES (52, "30-433", "Kraków", 6);
INSERT INTO [Adres_code] ([ID_adres_code], [ZIP], [Miasto], [ID_Wojewodztwa]) VALUES (53, "15-630", "Bia³ystok", 10);
INSERT INTO [Adres] ([ID_Adres], [Ulica], [Dzielnica], [ID_adres_code]) VALUES (1, "Kozioro¿ca 25", "Osowa", 1);
INSERT INTO [Adres] ([ID_Adres], [Ulica], [Dzielnica], [ID_adres_code]) VALUES (2, "Armii Krajowej 111", "Sopocki Las", 2);
INSERT INTO [Adres] ([ID_Adres], [Ulica], [Dzielnica], [ID_adres_code]) VALUES (3, "Bitwy pod P³owcami 64", "Dolny Spoto - Haffnera", 3);
INSERT INTO [Adres] ([ID_Adres], [Ulica], [Dzielnica], [ID_adres_code]) VALUES (4, "Polanki 65", "Oliwa", 4);
INSERT INTO [Adres] ([ID_Adres], [Ulica], [Dzielnica], [ID_adres_code]) VALUES (5, "Polanki 66", "Oliwa", 5);
INSERT INTO [Adres] ([ID_Adres], [Ulica], [Dzielnica], [ID_adres_code]) VALUES (6, "Polanki 64", "Oliwa", 6);
INSERT INTO [Adres] ([ID_Adres], [Ulica], [Dzielnica], [ID_adres_code]) VALUES (7, "Macierzy Szkolnej 4", "Oliwa", 7);
INSERT INTO [Adres] ([ID_Adres], [Ulica], [Dzielnica], [ID_adres_code]) VALUES (8, "Podwale Staromiejskie 20", "Œródmieœcie", 8);
INSERT INTO [Adres] ([ID_Adres], [Ulica], [Dzielnica], [ID_adres_code]) VALUES (9, "Chodkiewicza 14", "BrzeŸno", 9);
INSERT INTO [Adres] ([ID_Adres], [Ulica], [Dzielnica], [ID_adres_code]) VALUES (10, "Aleja 1 Maja 11", NULL, 10);
INSERT INTO [Adres] ([ID_Adres], [Ulica], [Dzielnica], [ID_adres_code]) VALUES (11, "Kokosowa 5", NULL, 11);
INSERT INTO [Adres] ([ID_Adres], [Ulica], [Dzielnica], [ID_adres_code]) VALUES (12, "Targ Rybny 13", "Œródmieœcie", 12);
INSERT INTO [Adres] ([ID_Adres], [Ulica], [Dzielnica], [ID_adres_code]) VALUES (13, "Przyjemna 3", NULL, 13);
INSERT INTO [Adres] ([ID_Adres], [Ulica], [Dzielnica], [ID_adres_code]) VALUES (14, "17 Marca", NULL, 14);
INSERT INTO [Adres] ([ID_Adres], [Ulica], [Dzielnica], [ID_adres_code]) VALUES (15, "Wybickiego Józefa 1", NULL, 15);
INSERT INTO [Adres] ([ID_Adres], [Ulica], [Dzielnica], [ID_adres_code]) VALUES (16, "Chramcówki", NULL, 16);
INSERT INTO [Adres] ([ID_Adres], [Ulica], [Dzielnica], [ID_adres_code]) VALUES (17, "Królowej Jadwigi", NULL, 17);
INSERT INTO [Adres] ([ID_Adres], [Ulica], [Dzielnica], [ID_adres_code]) VALUES (18, "Pod Stokiem 125", NULL, 18);
INSERT INTO [Adres] ([ID_Adres], [Ulica], [Dzielnica], [ID_adres_code]) VALUES (19, "Upalna 63", NULL, 19);
INSERT INTO [Adres] ([ID_Adres], [Ulica], [Dzielnica], [ID_adres_code]) VALUES (20, "Œnie¿na 74", NULL, 20);
INSERT INTO [Adres] ([ID_Adres], [Ulica], [Dzielnica], [ID_adres_code]) VALUES (21, "Jodowa 12", NULL, 21);
INSERT INTO [Adres] ([ID_Adres], [Ulica], [Dzielnica], [ID_adres_code]) VALUES (22, "11 Listopada 73", NULL, 22);
INSERT INTO [Adres] ([ID_Adres], [Ulica], [Dzielnica], [ID_adres_code]) VALUES (23, "Liwiecka 131", NULL, 23);
INSERT INTO [Adres] ([ID_Adres], [Ulica], [Dzielnica], [ID_adres_code]) VALUES (24, "Marsza³kowska 129", NULL, 24);
INSERT INTO [Adres] ([ID_Adres], [Ulica], [Dzielnica], [ID_adres_code]) VALUES (25, "Kwiatowa 116", NULL, 25);
INSERT INTO [Adres] ([ID_Adres], [Ulica], [Dzielnica], [ID_adres_code]) VALUES (26, "Ulowa 10", NULL, 26);
INSERT INTO [Adres] ([ID_Adres], [Ulica], [Dzielnica], [ID_adres_code]) VALUES (27, "Z³otowska 6", NULL, 27);
INSERT INTO [Adres] ([ID_Adres], [Ulica], [Dzielnica], [ID_adres_code]) VALUES (28, "Harcerska 73", NULL, 28);
INSERT INTO [Adres] ([ID_Adres], [Ulica], [Dzielnica], [ID_adres_code]) VALUES (29, "Œliczna 65", NULL, 29);
INSERT INTO [Adres] ([ID_Adres], [Ulica], [Dzielnica], [ID_adres_code]) VALUES (30, "Abrahama 58", "Oliwa", 30);
INSERT INTO [Adres] ([ID_Adres], [Ulica], [Dzielnica], [ID_adres_code]) VALUES (31, "Wita Stwosza 59", "Oliwa", 31);
INSERT INTO [Adres] ([ID_Adres], [Ulica], [Dzielnica], [ID_adres_code]) VALUES (32, "Wita Stwosza 63", "Oliwa", 32);
INSERT INTO [Adres] ([ID_Adres], [Ulica], [Dzielnica], [ID_adres_code]) VALUES (33, "Armii Krajowej 119/121", "Sopocki Las", 33);
INSERT INTO [Adres] ([ID_Adres], [Ulica], [Dzielnica], [ID_adres_code]) VALUES (34, "Wita Stwosza 51", "Oliwa", 34);
INSERT INTO [Adres] ([ID_Adres], [Ulica], [Dzielnica], [ID_adres_code]) VALUES (35, "Wita Stwosza 55", "Oliwa", 35);
INSERT INTO [Adres] ([ID_Adres], [Ulica], [Dzielnica], [ID_adres_code]) VALUES (36, "Wita Stwosza 57", "Oliwa", 36);
INSERT INTO [Adres] ([ID_Adres], [Ulica], [Dzielnica], [ID_adres_code]) VALUES (37, "Jana Ba¿yñskiego 4", "Oliwa", 37);
INSERT INTO [Adres] ([ID_Adres], [Ulica], [Dzielnica], [ID_adres_code]) VALUES (38, "Marsza³ka Pi³sudskiego 46", NULL, 38);
INSERT INTO [Adres] ([ID_Adres], [Ulica], [Dzielnica], [ID_adres_code]) VALUES (39, "Jana Ba¿yñskiego 6", "Oliwa", 39);
INSERT INTO [Adres] ([ID_Adres], [Ulica], [Dzielnica], [ID_adres_code]) VALUES (40, "Armii Krajowej 101", "Sopocki Las", 40);
INSERT INTO [Adres] ([ID_Adres], [Ulica], [Dzielnica], [ID_adres_code]) VALUES (41, "Karbowska 117", NULL, 41);
INSERT INTO [Adres] ([ID_Adres], [Ulica], [Dzielnica], [ID_adres_code]) VALUES (42, "Browarna 126", NULL, 42);
INSERT INTO [Adres] ([ID_Adres], [Ulica], [Dzielnica], [ID_adres_code]) VALUES (43, "Krynoliny 33", NULL, 43);
INSERT INTO [Adres] ([ID_Adres], [Ulica], [Dzielnica], [ID_adres_code]) VALUES (44, "Ko³aciñska 2", NULL, 44);
INSERT INTO [Adres] ([ID_Adres], [Ulica], [Dzielnica], [ID_adres_code]) VALUES (45, "¯aków Krakowskich 125", NULL, 45);
INSERT INTO [Adres] ([ID_Adres], [Ulica], [Dzielnica], [ID_adres_code]) VALUES (46, "Bukowa 59", NULL, 46);
INSERT INTO [Adres] ([ID_Adres], [Ulica], [Dzielnica], [ID_adres_code]) VALUES (47, "D¹browskiego Jaros³awa 119", NULL, 47);
INSERT INTO [Adres] ([ID_Adres], [Ulica], [Dzielnica], [ID_adres_code]) VALUES (48, "Jastrzêbia 38", NULL, 48);
INSERT INTO [Adres] ([ID_Adres], [Ulica], [Dzielnica], [ID_adres_code]) VALUES (49, "Biegañskiego W³adys³awa 146", NULL, 49);
INSERT INTO [Adres] ([ID_Adres], [Ulica], [Dzielnica], [ID_adres_code]) VALUES (50, "Pi³awska 12", NULL, 50);
INSERT INTO [Adres] ([ID_Adres], [Ulica], [Dzielnica], [ID_adres_code]) VALUES (51, "Grzonki Stanis³awa 101", NULL, 51);
INSERT INTO [Adres] ([ID_Adres], [Ulica], [Dzielnica], [ID_adres_code]) VALUES (52, "Ciechociñska 133", NULL, 52);
INSERT INTO [Adres] ([ID_Adres], [Ulica], [Dzielnica], [ID_adres_code]) VALUES (53, "Olmoncka 129", NULL, 53);
INSERT INTO [Tytul_Stopien] ([ID_TS], [Rodzaj]) VALUES (1, "Tytu³ zawodowy");
INSERT INTO [Tytul_Stopien] ([ID_TS], [Rodzaj]) VALUES (2, "Stopieñ naukowy");
INSERT INTO [Tytul_Stopien] ([ID_TS], [Rodzaj]) VALUES (3, "Tytu³ naukowy");
INSERT INTO [Ranga] ([ID_Ranga], [Tytul/Stopien], [ID_TS]) VALUES (1, "Licencjat", 1);
INSERT INTO [Ranga] ([ID_Ranga], [Tytul/Stopien], [ID_TS]) VALUES (2, "In¿ynier", 1);
INSERT INTO [Ranga] ([ID_Ranga], [Tytul/Stopien], [ID_TS]) VALUES (3, "Magister", 1);
INSERT INTO [Ranga] ([ID_Ranga], [Tytul/Stopien], [ID_TS]) VALUES (4, "Doktor", 2);
INSERT INTO [Ranga] ([ID_Ranga], [Tytul/Stopien], [ID_TS]) VALUES (5, "Doktor habilitowany", 2);
INSERT INTO [Ranga] ([ID_Ranga], [Tytul/Stopien], [ID_TS]) VALUES (6, "Profesor doktor habilitowany", 3);
INSERT INTO [Nauczyciel] ([ID_Nauczyciel], [Imie_n], [Nazwisko_n], [Telefon_n], [Email_n], [Data_urodzenia], [Tytul/Stopien]) VALUES (1, "Mariusz", "Okoniewski", "725881392", "m.okoniewski@edu.pl", #05/01/1979#, 1);
INSERT INTO [Nauczyciel] ([ID_Nauczyciel], [Imie_n], [Nazwisko_n], [Telefon_n], [Email_n], [Data_urodzenia], [Tytul/Stopien]) VALUES (2, "Grzegorz", "Sawicki", "512-714-651", "g.sawicki@edu.pl", #03/04/1980#, 2);
INSERT INTO [Nauczyciel] ([ID_Nauczyciel], [Imie_n], [Nazwisko_n], [Telefon_n], [Email_n], [Data_urodzenia], [Tytul/Stopien]) VALUES (3, "Hanna", "Majewska", "512-819-435", "h.majewska@edu.pl", #08/25/1991#, 2);
INSERT INTO [Nauczyciel] ([ID_Nauczyciel], [Imie_n], [Nazwisko_n], [Telefon_n], [Email_n], [Data_urodzenia], [Tytul/Stopien]) VALUES (4, "Roœcis³aw", "Soko³owski", "662-195-288", "r.soko³owski@edu.pl", #03/30/1995#, 3);
INSERT INTO [Nauczyciel] ([ID_Nauczyciel], [Imie_n], [Nazwisko_n], [Telefon_n], [Email_n], [Data_urodzenia], [Tytul/Stopien]) VALUES (5, "Konstancja", "Michalska", "881-769-431", "k.michalska@edu.pl", #09/01/1985#, 4);
INSERT INTO [Nauczyciel] ([ID_Nauczyciel], [Imie_n], [Nazwisko_n], [Telefon_n], [Email_n], [Data_urodzenia], [Tytul/Stopien]) VALUES (6, "Julianna", "Soko³owska", "665-093-402", "j.soko³owska@edu.pl", #02/28/1987#, 4);
INSERT INTO [Nauczyciel] ([ID_Nauczyciel], [Imie_n], [Nazwisko_n], [Telefon_n], [Email_n], [Data_urodzenia], [Tytul/Stopien]) VALUES (7, "Serafina", "Walczak", "519-094-126", "s.walczak@edu.pl", #07/15/1974#, 6);
INSERT INTO [Nauczyciel] ([ID_Nauczyciel], [Imie_n], [Nazwisko_n], [Telefon_n], [Email_n], [Data_urodzenia], [Tytul/Stopien]) VALUES (8, "Julianna", "Tomaszewska", "886-138-901", "j.tomaszewska@edu.pl", #11/17/1983#, 5);
INSERT INTO [Nauczyciel] ([ID_Nauczyciel], [Imie_n], [Nazwisko_n], [Telefon_n], [Email_n], [Data_urodzenia], [Tytul/Stopien]) VALUES (9, "Luiza", "Gorska", "532-297-495", "l.gorska@edu.pl", #01/25/1973#, 4);
INSERT INTO [Nauczyciel] ([ID_Nauczyciel], [Imie_n], [Nazwisko_n], [Telefon_n], [Email_n], [Data_urodzenia], [Tytul/Stopien]) VALUES (10, "Alicja", "D¹browski", "783-474-713", "a.d¹browski@edu.pl", #05/07/1976#, 5);
INSERT INTO [Nauczyciel] ([ID_Nauczyciel], [Imie_n], [Nazwisko_n], [Telefon_n], [Email_n], [Data_urodzenia], [Tytul/Stopien]) VALUES (11, "Kazimiera", "Maciejewska", "604-914-929", "k.maciejewska@edu.pl", #12/04/1996#, 3);
INSERT INTO [Adres_Nauczyciel] ([ID_Nauczyciel], [ID_Adres], [Czyaktualny]) VALUES (1, 41, -1);
INSERT INTO [Adres_Nauczyciel] ([ID_Nauczyciel], [ID_Adres], [Czyaktualny]) VALUES (2, 42, -1);
INSERT INTO [Adres_Nauczyciel] ([ID_Nauczyciel], [ID_Adres], [Czyaktualny]) VALUES (2, 43, 0);
INSERT INTO [Adres_Nauczyciel] ([ID_Nauczyciel], [ID_Adres], [Czyaktualny]) VALUES (3, 44, -1);
INSERT INTO [Adres_Nauczyciel] ([ID_Nauczyciel], [ID_Adres], [Czyaktualny]) VALUES (4, 45, -1);
INSERT INTO [Adres_Nauczyciel] ([ID_Nauczyciel], [ID_Adres], [Czyaktualny]) VALUES (5, 46, -1);
INSERT INTO [Adres_Nauczyciel] ([ID_Nauczyciel], [ID_Adres], [Czyaktualny]) VALUES (5, 47, 0);
INSERT INTO [Adres_Nauczyciel] ([ID_Nauczyciel], [ID_Adres], [Czyaktualny]) VALUES (6, 48, -1);
INSERT INTO [Adres_Nauczyciel] ([ID_Nauczyciel], [ID_Adres], [Czyaktualny]) VALUES (7, 49, -1);
INSERT INTO [Adres_Nauczyciel] ([ID_Nauczyciel], [ID_Adres], [Czyaktualny]) VALUES (8, 50, -1);
INSERT INTO [Adres_Nauczyciel] ([ID_Nauczyciel], [ID_Adres], [Czyaktualny]) VALUES (9, 51, -1);
INSERT INTO [Adres_Nauczyciel] ([ID_Nauczyciel], [ID_Adres], [Czyaktualny]) VALUES (10, 52, -1);
INSERT INTO [Adres_Nauczyciel] ([ID_Nauczyciel], [ID_Adres], [Czyaktualny]) VALUES (11, 53, -1);
INSERT INTO [Akademik] ([ID_akademik], [Nazwa_a], [Liczba miejsc], [ID_Adres]) VALUES (1, "DS nr 7", 176, 2);
INSERT INTO [Akademik] ([ID_akademik], [Nazwa_a], [Liczba miejsc], [ID_Adres]) VALUES (2, "DS nr 9", 179, 3);
INSERT INTO [Akademik] ([ID_akademik], [Nazwa_a], [Liczba miejsc], [ID_Adres]) VALUES (3, "DS nr 3", 270, 4);
INSERT INTO [Akademik] ([ID_akademik], [Nazwa_a], [Liczba miejsc], [ID_Adres]) VALUES (4, "DS nr 4", 199, 5);
INSERT INTO [Akademik] ([ID_akademik], [Nazwa_a], [Liczba miejsc], [ID_Adres]) VALUES (5, "DS nr 5", 157, 6);
INSERT INTO [Akademik] ([ID_akademik], [Nazwa_a], [Liczba miejsc], [ID_Adres]) VALUES (6, "DS nr 10", 219, 7);
INSERT INTO [Akademik] ([ID_akademik], [Nazwa_a], [Liczba miejsc], [ID_Adres]) VALUES (7, "DS nr 6", 160, 8);
INSERT INTO [Akademik] ([ID_akademik], [Nazwa_a], [Liczba miejsc], [ID_Adres]) VALUES (8, "DS nr 11", 143, 9);
INSERT INTO [Student] ([ID_Student], [Imie_s], [Nazwisko_s], [Telefon_s], [Email_s], [Data_urodzenia], [Data_rozp], [Data_zak], [ID_akademik]) VALUES (1, "Marian", "PokaŸny", "725-883-921", "m.pokaŸny@edu.pl", #05/19/1998#, #05/17/2020#, NULL, NULL);
INSERT INTO [Student] ([ID_Student], [Imie_s], [Nazwisko_s], [Telefon_s], [Email_s], [Data_urodzenia], [Data_rozp], [Data_zak], [ID_akademik]) VALUES (2, "Stefan", "Powa¿ny", "725-381-414", "s.powa¿ny@edu.pl", #02/18/1997#, #05/17/2020#, NULL, 3);
INSERT INTO [Student] ([ID_Student], [Imie_s], [Nazwisko_s], [Telefon_s], [Email_s], [Data_urodzenia], [Data_rozp], [Data_zak], [ID_akademik]) VALUES (3, "Gra¿yna", "Paw³owska", "625-381-922", "g.paw³owska@edu.pl", #08/18/1996#, #05/17/2020#, #12/15/2023#, NULL);
INSERT INTO [Student] ([ID_Student], [Imie_s], [Nazwisko_s], [Telefon_s], [Email_s], [Data_urodzenia], [Data_rozp], [Data_zak], [ID_akademik]) VALUES (4, "Miko³aj", "Niemy", "543-234-523", "m.niemy@edu.pl", #11/17/1999#, #05/17/2020#, NULL, NULL);
INSERT INTO [Student] ([ID_Student], [Imie_s], [Nazwisko_s], [Telefon_s], [Email_s], [Data_urodzenia], [Data_rozp], [Data_zak], [ID_akademik]) VALUES (5, "Ma³gorzata", "Pierska", "873-123-562", "m.pierska@edu.pl", #06/26/1998#, #05/17/2020#, NULL, 2);
INSERT INTO [Student] ([ID_Student], [Imie_s], [Nazwisko_s], [Telefon_s], [Email_s], [Data_urodzenia], [Data_rozp], [Data_zak], [ID_akademik]) VALUES (6, "Zofia", "Upsztyfikiewicz", "873-252-335", "z.upsztyfikiewicz@edu.pl", #05/12/1997#, #05/18/2020#, NULL, NULL);
INSERT INTO [Student] ([ID_Student], [Imie_s], [Nazwisko_s], [Telefon_s], [Email_s], [Data_urodzenia], [Data_rozp], [Data_zak], [ID_akademik]) VALUES (7, "Piotr", "Panik", "983-532-354", "p.panik@edu.pl", #09/17/2000#, #05/18/2020#, #05/05/2022#, NULL);
INSERT INTO [Student] ([ID_Student], [Imie_s], [Nazwisko_s], [Telefon_s], [Email_s], [Data_urodzenia], [Data_rozp], [Data_zak], [ID_akademik]) VALUES (8, "Paulina", "Paciorkiewicz", "725-660-978", "p.paciorkiewicz@edu.pl", #04/14/1996#, #05/18/2020#, NULL, NULL);
INSERT INTO [Student] ([ID_Student], [Imie_s], [Nazwisko_s], [Telefon_s], [Email_s], [Data_urodzenia], [Data_rozp], [Data_zak], [ID_akademik]) VALUES (9, "Zykfryd", "Patelczak", "822-551-234", "z.patelczak@edu.pl", #01/14/1994#, #05/18/2020#, NULL, 7);
INSERT INTO [Student] ([ID_Student], [Imie_s], [Nazwisko_s], [Telefon_s], [Email_s], [Data_urodzenia], [Data_rozp], [Data_zak], [ID_akademik]) VALUES (10, "Mi³ogost", "Jab³oñski", "601-233-120", "m.jab³oñski@edu.pl", #06/04/1995#, #05/18/2020#, NULL, NULL);
INSERT INTO [Student] ([ID_Student], [Imie_s], [Nazwisko_s], [Telefon_s], [Email_s], [Data_urodzenia], [Data_rozp], [Data_zak], [ID_akademik]) VALUES (11, "Rados³aw", "Kalinowski", "887-559-100", "r.kalinowski@edu.pl", #07/03/1996#, #05/18/2020#, NULL, NULL);
INSERT INTO [Student] ([ID_Student], [Imie_s], [Nazwisko_s], [Telefon_s], [Email_s], [Data_urodzenia], [Data_rozp], [Data_zak], [ID_akademik]) VALUES (12, "Kuba", "Jaworski", "663-696-076", "k.jaworski@edu.pl", #07/10/1997#, #05/18/2020#, NULL, 6);
INSERT INTO [Student] ([ID_Student], [Imie_s], [Nazwisko_s], [Telefon_s], [Email_s], [Data_urodzenia], [Data_rozp], [Data_zak], [ID_akademik]) VALUES (13, "Narcyz", "Koz³owski", "668-205-031", "n.koz³owski@edu.pl", #03/10/1993#, #05/18/2020#, NULL, NULL);
INSERT INTO [Student] ([ID_Student], [Imie_s], [Nazwisko_s], [Telefon_s], [Email_s], [Data_urodzenia], [Data_rozp], [Data_zak], [ID_akademik]) VALUES (14, "Dominik", "Wieczorek", "667-766-509", "d.wieczorek@edu.pl", #02/26/1995#, #05/18/2020#, #05/10/2024#, NULL);
INSERT INTO [Student] ([ID_Student], [Imie_s], [Nazwisko_s], [Telefon_s], [Email_s], [Data_urodzenia], [Data_rozp], [Data_zak], [ID_akademik]) VALUES (15, "Karolina", "Wysocka", "699-527-267", "k.wysocka@edu.pl", #07/10/1996#, #05/18/2020#, NULL, NULL);
INSERT INTO [Student] ([ID_Student], [Imie_s], [Nazwisko_s], [Telefon_s], [Email_s], [Data_urodzenia], [Data_rozp], [Data_zak], [ID_akademik]) VALUES (16, "Michalina", "Sobczak", "517-294-887", "m.sobczak@edu.pl", #07/11/1998#, #05/18/2020#, NULL, 8);
INSERT INTO [Student] ([ID_Student], [Imie_s], [Nazwisko_s], [Telefon_s], [Email_s], [Data_urodzenia], [Data_rozp], [Data_zak], [ID_akademik]) VALUES (17, "Kazimierz", "Kalinowski", "512-182-491", "k.kalinowski@edu.pl", #03/03/1995#, #05/18/2020#, NULL, 4);
INSERT INTO [Student] ([ID_Student], [Imie_s], [Nazwisko_s], [Telefon_s], [Email_s], [Data_urodzenia], [Data_rozp], [Data_zak], [ID_akademik]) VALUES (18, "Klara", "Wojciechowska", "609-867-674", "k.wojciechowska@edu.pl", #10/23/1999#, #05/18/2020#, NULL, NULL);
INSERT INTO [Student] ([ID_Student], [Imie_s], [Nazwisko_s], [Telefon_s], [Email_s], [Data_urodzenia], [Data_rozp], [Data_zak], [ID_akademik]) VALUES (19, "Boles³awa", "Grabowska", "669-213-640", "b.grabowska@edu.pl", #07/04/1998#, #05/18/2020#, #08/12/2021#, NULL);
INSERT INTO [Student] ([ID_Student], [Imie_s], [Nazwisko_s], [Telefon_s], [Email_s], [Data_urodzenia], [Data_rozp], [Data_zak], [ID_akademik]) VALUES (20, "Roksana", "Symanska", "727-174-575", "r.symanska@edu.pl", #12/20/2000#, #05/18/2020#, NULL, NULL);
INSERT INTO [Adres_Student] ([ID_Student], [ID_Adres], [Czyaktualny]) VALUES (1, 1, -1);
INSERT INTO [Adres_Student] ([ID_Student], [ID_Adres], [Czyaktualny]) VALUES (2, 4, -1);
INSERT INTO [Adres_Student] ([ID_Student], [ID_Adres], [Czyaktualny]) VALUES (2, 10, -1);
INSERT INTO [Adres_Student] ([ID_Student], [ID_Adres], [Czyaktualny]) VALUES (3, 11, 0);
INSERT INTO [Adres_Student] ([ID_Student], [ID_Adres], [Czyaktualny]) VALUES (4, 12, -1);
INSERT INTO [Adres_Student] ([ID_Student], [ID_Adres], [Czyaktualny]) VALUES (5, 3, -1);
INSERT INTO [Adres_Student] ([ID_Student], [ID_Adres], [Czyaktualny]) VALUES (5, 13, -1);
INSERT INTO [Adres_Student] ([ID_Student], [ID_Adres], [Czyaktualny]) VALUES (6, 14, -1);
INSERT INTO [Adres_Student] ([ID_Student], [ID_Adres], [Czyaktualny]) VALUES (7, 15, 0);
INSERT INTO [Adres_Student] ([ID_Student], [ID_Adres], [Czyaktualny]) VALUES (8, 16, -1);
INSERT INTO [Adres_Student] ([ID_Student], [ID_Adres], [Czyaktualny]) VALUES (9, 8, -1);
INSERT INTO [Adres_Student] ([ID_Student], [ID_Adres], [Czyaktualny]) VALUES (9, 17, -1);
INSERT INTO [Adres_Student] ([ID_Student], [ID_Adres], [Czyaktualny]) VALUES (10, 18, -1);
INSERT INTO [Adres_Student] ([ID_Student], [ID_Adres], [Czyaktualny]) VALUES (11, 19, -1);
INSERT INTO [Adres_Student] ([ID_Student], [ID_Adres], [Czyaktualny]) VALUES (12, 7, -1);
INSERT INTO [Adres_Student] ([ID_Student], [ID_Adres], [Czyaktualny]) VALUES (12, 20, -1);
INSERT INTO [Adres_Student] ([ID_Student], [ID_Adres], [Czyaktualny]) VALUES (13, 21, -1);
INSERT INTO [Adres_Student] ([ID_Student], [ID_Adres], [Czyaktualny]) VALUES (14, 22, 0);
INSERT INTO [Adres_Student] ([ID_Student], [ID_Adres], [Czyaktualny]) VALUES (15, 23, -1);
INSERT INTO [Adres_Student] ([ID_Student], [ID_Adres], [Czyaktualny]) VALUES (16, 9, -1);
INSERT INTO [Adres_Student] ([ID_Student], [ID_Adres], [Czyaktualny]) VALUES (16, 24, -1);
INSERT INTO [Adres_Student] ([ID_Student], [ID_Adres], [Czyaktualny]) VALUES (17, 5, -1);
INSERT INTO [Adres_Student] ([ID_Student], [ID_Adres], [Czyaktualny]) VALUES (17, 25, -1);
INSERT INTO [Adres_Student] ([ID_Student], [ID_Adres], [Czyaktualny]) VALUES (18, 26, -1);
INSERT INTO [Adres_Student] ([ID_Student], [ID_Adres], [Czyaktualny]) VALUES (19, 27, 0);
INSERT INTO [Adres_Student] ([ID_Student], [ID_Adres], [Czyaktualny]) VALUES (20, 29, -1);
INSERT INTO [Adres_Student] ([ID_Student], [ID_Adres], [Czyaktualny]) VALUES (20, 28, 0);
INSERT INTO [Dziekan] ([ID_Dziekan], [Imie_dziekan], [Nazwisko_dziekan], [Telefon_dziekan], [Email_dziekan], [ID_Adres]) VALUES (1, "Pan", "Miêdzy", "585-236-320", "dziekanat@biotech.ug.edu.pl", 30);
INSERT INTO [Dziekan] ([ID_Dziekan], [Imie_dziekan], [Nazwisko_dziekan], [Telefon_dziekan], [Email_dziekan], [ID_Adres]) VALUES (2, "Pan", "Biologia", "585-236-000", "dziekanat@biol.ug.edu.pl", 31);
INSERT INTO [Dziekan] ([ID_Dziekan], [Imie_dziekan], [Nazwisko_dziekan], [Telefon_dziekan], [Email_dziekan], [ID_Adres]) VALUES (3, "Pan", "Chemia", "585-235-010", "dziekanat.chemia@ug.edu.pl", 32);
INSERT INTO [Dziekan] ([ID_Dziekan], [Imie_dziekan], [Nazwisko_dziekan], [Telefon_dziekan], [Email_dziekan], [ID_Adres]) VALUES (4, "Pan", "Ekonomia", "585-231-000", "we@ug.edu.pl", 33);
INSERT INTO [Dziekan] ([ID_Dziekan], [Imie_dziekan], [Nazwisko_dziekan], [Telefon_dziekan], [Email_dziekan], [ID_Adres]) VALUES (5, "Pani", "Filologia", "585-232-111", "dziekanat.filologia@ug.edu.pl", 34);
INSERT INTO [Dziekan] ([ID_Dziekan], [Imie_dziekan], [Nazwisko_dziekan], [Telefon_dziekan], [Email_dziekan], [ID_Adres]) VALUES (6, "Pani", "Historia", "585-232-039", "dziekanat.historia@ug.edu.pl", 35);
INSERT INTO [Dziekan] ([ID_Dziekan], [Imie_dziekan], [Nazwisko_dziekan], [Telefon_dziekan], [Email_dziekan], [ID_Adres]) VALUES (7, "Pan", "Informatyk", "585-232-027", "dziekmf@ug.edu.pl", 36);
INSERT INTO [Dziekan] ([ID_Dziekan], [Imie_dziekan], [Nazwisko_dziekan], [Telefon_dziekan], [Email_dziekan], [ID_Adres]) VALUES (8, "Pani", "Spo³eczna", "585-234-234", "wns@ug.edu.pl", 37);
INSERT INTO [Dziekan] ([ID_Dziekan], [Imie_dziekan], [Nazwisko_dziekan], [Telefon_dziekan], [Email_dziekan], [ID_Adres]) VALUES (9, "Pan", "Ocean", "585-236-600", "dziekanatwoig@ug.edu.pl", 38);
INSERT INTO [Dziekan] ([ID_Dziekan], [Imie_dziekan], [Nazwisko_dziekan], [Telefon_dziekan], [Email_dziekan], [ID_Adres]) VALUES (10, "Pani", "Prawo", "585-232-582", "dziekanat@prawo.ug.edu.pl", 39);
INSERT INTO [Dziekan] ([ID_Dziekan], [Imie_dziekan], [Nazwisko_dziekan], [Telefon_dziekan], [Email_dziekan], [ID_Adres]) VALUES (11, "Pani", "Zarz¹dzanie", "585-231-470", "rekrutacja.wzr@ug.edu.pl", 40);
INSERT INTO [ECTS] ([ID_ECTS], [ECTS]) VALUES (1, 1);
INSERT INTO [ECTS] ([ID_ECTS], [ECTS]) VALUES (2, 2);
INSERT INTO [ECTS] ([ID_ECTS], [ECTS]) VALUES (3, 3);
INSERT INTO [ECTS] ([ID_ECTS], [ECTS]) VALUES (4, 4);
INSERT INTO [ECTS] ([ID_ECTS], [ECTS]) VALUES (5, 5);
INSERT INTO [ECTS] ([ID_ECTS], [ECTS]) VALUES (6, 6);
INSERT INTO [ECTS] ([ID_ECTS], [ECTS]) VALUES (7, 7);
INSERT INTO [ECTS] ([ID_ECTS], [ECTS]) VALUES (8, 8);
INSERT INTO [ECTS] ([ID_ECTS], [ECTS]) VALUES (9, 9);
INSERT INTO [ECTS] ([ID_ECTS], [ECTS]) VALUES (10, 10);
INSERT INTO [ECTS] ([ID_ECTS], [ECTS]) VALUES (11, 0);
INSERT INTO [Forma_Zaliczenia] ([ID_Forma], [Typ_formy]) VALUES (1, "E");
INSERT INTO [Forma_Zaliczenia] ([ID_Forma], [Typ_formy]) VALUES (2, "Zo");
INSERT INTO [Forma_Zaliczenia] ([ID_Forma], [Typ_formy]) VALUES (3, "Z");
INSERT INTO [Godziny] ([Godzina_ID], [START_TIME], [END_TIME]) VALUES (1, #07:20:00#, #08:05:00#);
INSERT INTO [Godziny] ([Godzina_ID], [START_TIME], [END_TIME]) VALUES (2, #08:15:00#, #09:00:00#);
INSERT INTO [Godziny] ([Godzina_ID], [START_TIME], [END_TIME]) VALUES (3, #09:10:00#, #09:55:00#);
INSERT INTO [Godziny] ([Godzina_ID], [START_TIME], [END_TIME]) VALUES (4, #10:05:00#, #10:50:00#);
INSERT INTO [Godziny] ([Godzina_ID], [START_TIME], [END_TIME]) VALUES (5, #11:00:00#, #11:45:00#);
INSERT INTO [Godziny] ([Godzina_ID], [START_TIME], [END_TIME]) VALUES (6, #12:05:00#, #12:50:00#);
INSERT INTO [Godziny] ([Godzina_ID], [START_TIME], [END_TIME]) VALUES (7, #13:00:00#, #13:45:00#);
INSERT INTO [Godziny] ([Godzina_ID], [START_TIME], [END_TIME]) VALUES (8, #13:55:00#, #14:40:00#);
INSERT INTO [Godziny] ([Godzina_ID], [START_TIME], [END_TIME]) VALUES (9, #14:50:00#, #15:35:00#);
INSERT INTO [Godziny] ([Godzina_ID], [START_TIME], [END_TIME]) VALUES (10, #15:45:00#, #16:30:00#);
INSERT INTO [Jezyk] ([ID_Jezyk], [Jezyk_Kod], [Jezyk]) VALUES (1, "PL", "Polski");
INSERT INTO [Jezyk] ([ID_Jezyk], [Jezyk_Kod], [Jezyk]) VALUES (2, "ENG", "Angielski");
INSERT INTO [Jezyk] ([ID_Jezyk], [Jezyk_Kod], [Jezyk]) VALUES (3, "ES", "Hiszpañski");
INSERT INTO [Jezyk] ([ID_Jezyk], [Jezyk_Kod], [Jezyk]) VALUES (4, "DE", "Niemiecki");
INSERT INTO [Jezyk] ([ID_Jezyk], [Jezyk_Kod], [Jezyk]) VALUES (5, "JP", "Japoñski");
INSERT INTO [Jezyk] ([ID_Jezyk], [Jezyk_Kod], [Jezyk]) VALUES (6, "FR", "Francuski");
INSERT INTO [Stopien] ([ID_Stopien], [Nazwa_Stopien]) VALUES (1, "Pierwszy");
INSERT INTO [Stopien] ([ID_Stopien], [Nazwa_Stopien]) VALUES (2, "Drugi");
INSERT INTO [Stopien] ([ID_Stopien], [Nazwa_Stopien]) VALUES (3, "Magisterskie");
INSERT INTO [Tryb] ([ID_Tryb], [Tryb], [Sposób]) VALUES (1, "Stacjonarny", "dzienne");
INSERT INTO [Tryb] ([ID_Tryb], [Tryb], [Sposób]) VALUES (2, "Niestacjonarny", "zaoczne");
INSERT INTO [Tryb] ([ID_Tryb], [Tryb], [Sposób]) VALUES (3, "Niestacjonarny", "wieczorowe");
INSERT INTO [Wydzial] ([ID_Wydzial], [Kod_Wydzial], [Nazwa_w], [ID_Adres], [ID_Dziekan]) VALUES (1, "GUMED", "Miêdzyuczelniany Wydzia³ Biotechnologii UG i GUMed", 30, 1);
INSERT INTO [Wydzial] ([ID_Wydzial], [Kod_Wydzial], [Nazwa_w], [ID_Adres], [ID_Dziekan]) VALUES (2, "BIO", "Wydzia³ Biologii Uniwersytetu Gdañskiego", 31, 2);
INSERT INTO [Wydzial] ([ID_Wydzial], [Kod_Wydzial], [Nazwa_w], [ID_Adres], [ID_Dziekan]) VALUES (3, "CH", "Wydzia³ Chemii Uniwersytetu Gdañskiego", 32, 3);
INSERT INTO [Wydzial] ([ID_Wydzial], [Kod_Wydzial], [Nazwa_w], [ID_Adres], [ID_Dziekan]) VALUES (4, "EKO", "Wydzia³ Ekonomiczny Uniwersytet Gdañski", 33, 4);
INSERT INTO [Wydzial] ([ID_Wydzial], [Kod_Wydzial], [Nazwa_w], [ID_Adres], [ID_Dziekan]) VALUES (5, "FIL", "Wydzia³ Filologiczny Uniwersytetu Gdañskiego", 34, 5);
INSERT INTO [Wydzial] ([ID_Wydzial], [Kod_Wydzial], [Nazwa_w], [ID_Adres], [ID_Dziekan]) VALUES (6, "HIS", "Wydzia³ Historyczny Uniwersytetu Gdañskiego", 35, 6);
INSERT INTO [Wydzial] ([ID_Wydzial], [Kod_Wydzial], [Nazwa_w], [ID_Adres], [ID_Dziekan]) VALUES (7, "MFI", "Wydzia³ Matematyki, Fizyki i Informatyki Uniwersytetu Gdañskiego", 36, 7);
INSERT INTO [Wydzial] ([ID_Wydzial], [Kod_Wydzial], [Nazwa_w], [ID_Adres], [ID_Dziekan]) VALUES (8, "WNS", "Wydzia³ Nauk Spo³ecznych Uniwersytetu Gdañskiego", 37, 8);
INSERT INTO [Wydzial] ([ID_Wydzial], [Kod_Wydzial], [Nazwa_w], [ID_Adres], [ID_Dziekan]) VALUES (9, "OiG", "Wydzia³ Oceanografii i Geografii", 38, 9);
INSERT INTO [Wydzial] ([ID_Wydzial], [Kod_Wydzial], [Nazwa_w], [ID_Adres], [ID_Dziekan]) VALUES (10, "PiA", "Wydzia³ Prawa i Administracji Uniwersytetu Gdañskiego", 39, 10);
INSERT INTO [Wydzial] ([ID_Wydzial], [Kod_Wydzial], [Nazwa_w], [ID_Adres], [ID_Dziekan]) VALUES (11, "WZR", "Wydzia³ Zarz¹dzania" & chr(13) & chr(10) & "Wydzia³ Zarz¹dzania", 40, 11);
INSERT INTO [Kierunek] ([ID_Kierunek], [Nazwa_kierunek], [ID_Stopien], [ID_Tryb], [ID_Jezyk], [ID_Wydzial]) VALUES (1, "Biotechnologia", 1, 1, 1, 1);
INSERT INTO [Kierunek] ([ID_Kierunek], [Nazwa_kierunek], [ID_Stopien], [ID_Tryb], [ID_Jezyk], [ID_Wydzial]) VALUES (2, "Biotechnologia", 2, 1, 1, 1);
INSERT INTO [Kierunek] ([ID_Kierunek], [Nazwa_kierunek], [ID_Stopien], [ID_Tryb], [ID_Jezyk], [ID_Wydzial]) VALUES (3, "Biologia", 1, 1, 1, 2);
INSERT INTO [Kierunek] ([ID_Kierunek], [Nazwa_kierunek], [ID_Stopien], [ID_Tryb], [ID_Jezyk], [ID_Wydzial]) VALUES (4, "Biologia", 2, 1, 1, 2);
INSERT INTO [Kierunek] ([ID_Kierunek], [Nazwa_kierunek], [ID_Stopien], [ID_Tryb], [ID_Jezyk], [ID_Wydzial]) VALUES (5, "Biologia medyczna", 1, 1, 1, 2);
INSERT INTO [Kierunek] ([ID_Kierunek], [Nazwa_kierunek], [ID_Stopien], [ID_Tryb], [ID_Jezyk], [ID_Wydzial]) VALUES (6, "Biologia medyczna", 2, 1, 1, 2);
INSERT INTO [Kierunek] ([ID_Kierunek], [Nazwa_kierunek], [ID_Stopien], [ID_Tryb], [ID_Jezyk], [ID_Wydzial]) VALUES (7, "Genetyka i biologia eksperymentalna", 1, 1, 1, 2);
INSERT INTO [Kierunek] ([ID_Kierunek], [Nazwa_kierunek], [ID_Stopien], [ID_Tryb], [ID_Jezyk], [ID_Wydzial]) VALUES (8, "Ochrona zasobów przyrodniczych", 1, 1, 1, 2);
INSERT INTO [Kierunek] ([ID_Kierunek], [Nazwa_kierunek], [ID_Stopien], [ID_Tryb], [ID_Jezyk], [ID_Wydzial]) VALUES (9, "Biznes chemiczny", 1, 1, 1, 3);
INSERT INTO [Kierunek] ([ID_Kierunek], [Nazwa_kierunek], [ID_Stopien], [ID_Tryb], [ID_Jezyk], [ID_Wydzial]) VALUES (10, "Biznes chemiczny", 2, 1, 1, 3);
INSERT INTO [Kierunek] ([ID_Kierunek], [Nazwa_kierunek], [ID_Stopien], [ID_Tryb], [ID_Jezyk], [ID_Wydzial]) VALUES (11, "Chemia", 1, 1, 1, 3);
INSERT INTO [Kierunek] ([ID_Kierunek], [Nazwa_kierunek], [ID_Stopien], [ID_Tryb], [ID_Jezyk], [ID_Wydzial]) VALUES (12, "Chemia", 2, 1, 1, 3);
INSERT INTO [Kierunek] ([ID_Kierunek], [Nazwa_kierunek], [ID_Stopien], [ID_Tryb], [ID_Jezyk], [ID_Wydzial]) VALUES (13, "Ochrona œrodowiska", 1, 1, 1, 3);
INSERT INTO [Kierunek] ([ID_Kierunek], [Nazwa_kierunek], [ID_Stopien], [ID_Tryb], [ID_Jezyk], [ID_Wydzial]) VALUES (14, "Ochrona œrodowiska", 2, 1, 1, 3);
INSERT INTO [Kierunek] ([ID_Kierunek], [Nazwa_kierunek], [ID_Stopien], [ID_Tryb], [ID_Jezyk], [ID_Wydzial]) VALUES (15, "Chemia", 2, 2, 1, 3);
INSERT INTO [Kierunek] ([ID_Kierunek], [Nazwa_kierunek], [ID_Stopien], [ID_Tryb], [ID_Jezyk], [ID_Wydzial]) VALUES (16, "Biznes i technologia ekologiczna", 2, 1, 1, 4);
INSERT INTO [Kierunek] ([ID_Kierunek], [Nazwa_kierunek], [ID_Stopien], [ID_Tryb], [ID_Jezyk], [ID_Wydzial]) VALUES (17, "Ekonomia", 1, 1, 1, 4);
INSERT INTO [Kierunek] ([ID_Kierunek], [Nazwa_kierunek], [ID_Stopien], [ID_Tryb], [ID_Jezyk], [ID_Wydzial]) VALUES (18, "Ekonomia", 2, 1, 1, 4);
INSERT INTO [Kierunek] ([ID_Kierunek], [Nazwa_kierunek], [ID_Stopien], [ID_Tryb], [ID_Jezyk], [ID_Wydzial]) VALUES (19, "Intercultural and Business Relations in Europe", 1, 1, 2, 4);
INSERT INTO [Kierunek] ([ID_Kierunek], [Nazwa_kierunek], [ID_Stopien], [ID_Tryb], [ID_Jezyk], [ID_Wydzial]) VALUES (20, "Miêdzynarodowe stosunki gospodarcze", 1, 1, 1, 4);
INSERT INTO [Kierunek] ([ID_Kierunek], [Nazwa_kierunek], [ID_Stopien], [ID_Tryb], [ID_Jezyk], [ID_Wydzial]) VALUES (21, "Miêdzynarodowe stosunki gospodarcze", 2, 1, 1, 4);
INSERT INTO [Kierunek] ([ID_Kierunek], [Nazwa_kierunek], [ID_Stopien], [ID_Tryb], [ID_Jezyk], [ID_Wydzial]) VALUES (22, "Miêdzynarodowe stosunki gospodarcze, specjalnoœæ International Business", 1, 1, 2, 4);
INSERT INTO [Kierunek] ([ID_Kierunek], [Nazwa_kierunek], [ID_Stopien], [ID_Tryb], [ID_Jezyk], [ID_Wydzial]) VALUES (23, "Miêdzynarodowe stosunki gospodarcze, specjalnoœæ International Business,", 2, 1, 2, 4);
INSERT INTO [Kierunek] ([ID_Kierunek], [Nazwa_kierunek], [ID_Stopien], [ID_Tryb], [ID_Jezyk], [ID_Wydzial]) VALUES (24, "Ekonomia", 1, 2, 1, 4);
INSERT INTO [Kierunek] ([ID_Kierunek], [Nazwa_kierunek], [ID_Stopien], [ID_Tryb], [ID_Jezyk], [ID_Wydzial]) VALUES (25, "Ekonomia", 2, 2, 1, 4);
INSERT INTO [Kierunek] ([ID_Kierunek], [Nazwa_kierunek], [ID_Stopien], [ID_Tryb], [ID_Jezyk], [ID_Wydzial]) VALUES (26, "Miêdzynarodowe stosunki gospodarcze", 1, 2, 1, 4);
INSERT INTO [Kierunek] ([ID_Kierunek], [Nazwa_kierunek], [ID_Stopien], [ID_Tryb], [ID_Jezyk], [ID_Wydzial]) VALUES (27, "Miêdzynarodowe stosunki gospodarcze", 2, 2, 1, 4);
INSERT INTO [Kierunek] ([ID_Kierunek], [Nazwa_kierunek], [ID_Stopien], [ID_Tryb], [ID_Jezyk], [ID_Wydzial]) VALUES (28, "Telemedycyna i projekty w ochronie zdrowia. Health Care Technology", 2, 2, 1, 4);
INSERT INTO [Kierunek] ([ID_Kierunek], [Nazwa_kierunek], [ID_Stopien], [ID_Tryb], [ID_Jezyk], [ID_Wydzial]) VALUES (29, "Cultural Communication", 1, 1, 2, 5);
INSERT INTO [Kierunek] ([ID_Kierunek], [Nazwa_kierunek], [ID_Stopien], [ID_Tryb], [ID_Jezyk], [ID_Wydzial]) VALUES (30, "Iberystyka", 1, 1, 1, 5);
INSERT INTO [Kierunek] ([ID_Kierunek], [Nazwa_kierunek], [ID_Stopien], [ID_Tryb], [ID_Jezyk], [ID_Wydzial]) VALUES (31, "Slawistyka", 1, 1, 1, 5);
INSERT INTO [Kierunek] ([ID_Kierunek], [Nazwa_kierunek], [ID_Stopien], [ID_Tryb], [ID_Jezyk], [ID_Wydzial]) VALUES (32, "Slawistyka", 2, 1, 1, 5);
INSERT INTO [Kierunek] ([ID_Kierunek], [Nazwa_kierunek], [ID_Stopien], [ID_Tryb], [ID_Jezyk], [ID_Wydzial]) VALUES (33, "Iberystyka", 1, 2, 1, 5);
INSERT INTO [Kierunek] ([ID_Kierunek], [Nazwa_kierunek], [ID_Stopien], [ID_Tryb], [ID_Jezyk], [ID_Wydzial]) VALUES (34, "Niemcoznawstwo", 1, 1, 1, 6);
INSERT INTO [Kierunek] ([ID_Kierunek], [Nazwa_kierunek], [ID_Stopien], [ID_Tryb], [ID_Jezyk], [ID_Wydzial]) VALUES (35, "Bezpieczeñstwo j¹drowe i ochrona radiologiczna", 1, 1, 1, 7);
INSERT INTO [Kierunek] ([ID_Kierunek], [Nazwa_kierunek], [ID_Stopien], [ID_Tryb], [ID_Jezyk], [ID_Wydzial]) VALUES (36, "Bioinformatyka", 1, 1, 1, 7);
INSERT INTO [Kierunek] ([ID_Kierunek], [Nazwa_kierunek], [ID_Stopien], [ID_Tryb], [ID_Jezyk], [ID_Wydzial]) VALUES (37, "Fizyka", 1, 1, 1, 7);
INSERT INTO [Kierunek] ([ID_Kierunek], [Nazwa_kierunek], [ID_Stopien], [ID_Tryb], [ID_Jezyk], [ID_Wydzial]) VALUES (38, "Fizyka", 2, 1, 1, 7);
INSERT INTO [Kierunek] ([ID_Kierunek], [Nazwa_kierunek], [ID_Stopien], [ID_Tryb], [ID_Jezyk], [ID_Wydzial]) VALUES (39, "Informatyka", 1, 1, 1, 7);
INSERT INTO [Kierunek] ([ID_Kierunek], [Nazwa_kierunek], [ID_Stopien], [ID_Tryb], [ID_Jezyk], [ID_Wydzial]) VALUES (40, "Informatyka", 2, 1, 1, 7);
INSERT INTO [Kierunek] ([ID_Kierunek], [Nazwa_kierunek], [ID_Stopien], [ID_Tryb], [ID_Jezyk], [ID_Wydzial]) VALUES (41, "Informatyka", 1, 2, 1, 7);
INSERT INTO [Kierunek] ([ID_Kierunek], [Nazwa_kierunek], [ID_Stopien], [ID_Tryb], [ID_Jezyk], [ID_Wydzial]) VALUES (42, "Informatyka", 2, 2, 1, 7);
INSERT INTO [Kierunek] ([ID_Kierunek], [Nazwa_kierunek], [ID_Stopien], [ID_Tryb], [ID_Jezyk], [ID_Wydzial]) VALUES (43, "Bezpieczeñstwo narodowe", 1, 1, 1, 8);
INSERT INTO [Kierunek] ([ID_Kierunek], [Nazwa_kierunek], [ID_Stopien], [ID_Tryb], [ID_Jezyk], [ID_Wydzial]) VALUES (44, "Bezpieczeñstwo narodowe", 2, 1, 1, 8);
INSERT INTO [Kierunek] ([ID_Kierunek], [Nazwa_kierunek], [ID_Stopien], [ID_Tryb], [ID_Jezyk], [ID_Wydzial]) VALUES (45, "Bezpieczeñstwo narodowe", 1, 2, 1, 8);
INSERT INTO [Kierunek] ([ID_Kierunek], [Nazwa_kierunek], [ID_Stopien], [ID_Tryb], [ID_Jezyk], [ID_Wydzial]) VALUES (46, "Geologia", 1, 1, 1, 9);
INSERT INTO [Kierunek] ([ID_Kierunek], [Nazwa_kierunek], [ID_Stopien], [ID_Tryb], [ID_Jezyk], [ID_Wydzial]) VALUES (47, "Gospodarka przestrzenna", 2, 2, 1, 9);
INSERT INTO [Kierunek] ([ID_Kierunek], [Nazwa_kierunek], [ID_Stopien], [ID_Tryb], [ID_Jezyk], [ID_Wydzial]) VALUES (48, "Criminology and Criminal Justice", 1, 1, 2, 10);
INSERT INTO [Kierunek] ([ID_Kierunek], [Nazwa_kierunek], [ID_Stopien], [ID_Tryb], [ID_Jezyk], [ID_Wydzial]) VALUES (49, "Prawo", 3, 3, 1, 10);
INSERT INTO [Kierunek] ([ID_Kierunek], [Nazwa_kierunek], [ID_Stopien], [ID_Tryb], [ID_Jezyk], [ID_Wydzial]) VALUES (50, "Finanse i rachunkowoœæ, specjalnoœæ Financial Analyst", 1, 1, 2, 11);
INSERT INTO [Kierunek] ([ID_Kierunek], [Nazwa_kierunek], [ID_Stopien], [ID_Tryb], [ID_Jezyk], [ID_Wydzial]) VALUES (51, "Finanse i rachunkowoœæ, specjalnoœæ Finance and Accounting", 2, 1, 2, 11);
INSERT INTO [Kierunek] ([ID_Kierunek], [Nazwa_kierunek], [ID_Stopien], [ID_Tryb], [ID_Jezyk], [ID_Wydzial]) VALUES (52, "Finanse i rachunkowoœæ", 1, 1, 1, 11);
INSERT INTO [Kierunek] ([ID_Kierunek], [Nazwa_kierunek], [ID_Stopien], [ID_Tryb], [ID_Jezyk], [ID_Wydzial]) VALUES (53, "Finanse i rachunkowoœæ", 2, 1, 1, 11);
INSERT INTO [Kierunek] ([ID_Kierunek], [Nazwa_kierunek], [ID_Stopien], [ID_Tryb], [ID_Jezyk], [ID_Wydzial]) VALUES (54, "Zarz¹dzanie", 1, 1, 1, 11);
INSERT INTO [Kierunek] ([ID_Kierunek], [Nazwa_kierunek], [ID_Stopien], [ID_Tryb], [ID_Jezyk], [ID_Wydzial]) VALUES (55, "Zarz¹dzanie", 2, 1, 1, 11);
INSERT INTO [Kierunek] ([ID_Kierunek], [Nazwa_kierunek], [ID_Stopien], [ID_Tryb], [ID_Jezyk], [ID_Wydzial]) VALUES (56, "Zarz¹dzanie", 1, 2, 1, 11);
INSERT INTO [Kierunek] ([ID_Kierunek], [Nazwa_kierunek], [ID_Stopien], [ID_Tryb], [ID_Jezyk], [ID_Wydzial]) VALUES (57, "Zarz¹dzanie", 2, 2, 1, 11);
INSERT INTO [Kierunek] ([ID_Kierunek], [Nazwa_kierunek], [ID_Stopien], [ID_Tryb], [ID_Jezyk], [ID_Wydzial]) VALUES (58, "Kryminologia", 1, 2, 1, 10);
INSERT INTO [Kierunek] ([ID_Kierunek], [Nazwa_kierunek], [ID_Stopien], [ID_Tryb], [ID_Jezyk], [ID_Wydzial]) VALUES (59, "Kryminologia", 2, 2, 1, 10);
INSERT INTO [Semestr] ([ID_Semestr], [Nazwa_semestr]) VALUES (1, "2020/2021");
INSERT INTO [Semestr] ([ID_Semestr], [Nazwa_semestr]) VALUES (2, "2021/2022");
INSERT INTO [Klasa] ([ID_Klasa], [Nazwa_klasy], [Nazwa_klasy_liczba], [ID_Semestr], [ID_Kierunek]) VALUES (1, "Pierwsza_biot", 1, 1, 1);
INSERT INTO [Klasa] ([ID_Klasa], [Nazwa_klasy], [Nazwa_klasy_liczba], [ID_Semestr], [ID_Kierunek]) VALUES (2, "Pierwsza_gen", 1, 1, 7);
INSERT INTO [Klasa] ([ID_Klasa], [Nazwa_klasy], [Nazwa_klasy_liczba], [ID_Semestr], [ID_Kierunek]) VALUES (3, "Pierwsza_biz", 1, 2, 16);
INSERT INTO [Klasa] ([ID_Klasa], [Nazwa_klasy], [Nazwa_klasy_liczba], [ID_Semestr], [ID_Kierunek]) VALUES (4, "Druga_cul", 2, 1, 19);
INSERT INTO [Klasa] ([ID_Klasa], [Nazwa_klasy], [Nazwa_klasy_liczba], [ID_Semestr], [ID_Kierunek]) VALUES (5, "Druga_ibe", 2, 2, 33);
INSERT INTO [Klasa] ([ID_Klasa], [Nazwa_klasy], [Nazwa_klasy_liczba], [ID_Semestr], [ID_Kierunek]) VALUES (6, "Trzecia_bioin", 3, 1, 36);
INSERT INTO [Klasa] ([ID_Klasa], [Nazwa_klasy], [Nazwa_klasy_liczba], [ID_Semestr], [ID_Kierunek]) VALUES (7, "Trzecia_inf", 3, 2, 39);
INSERT INTO [Klasy] ([ID_Klasa], [ID_Student]) VALUES (1, 1);
INSERT INTO [Klasy] ([ID_Klasa], [ID_Student]) VALUES (1, 2);
INSERT INTO [Klasy] ([ID_Klasa], [ID_Student]) VALUES (1, 3);
INSERT INTO [Klasy] ([ID_Klasa], [ID_Student]) VALUES (1, 4);
INSERT INTO [Klasy] ([ID_Klasa], [ID_Student]) VALUES (2, 5);
INSERT INTO [Klasy] ([ID_Klasa], [ID_Student]) VALUES (2, 6);
INSERT INTO [Klasy] ([ID_Klasa], [ID_Student]) VALUES (3, 7);
INSERT INTO [Klasy] ([ID_Klasa], [ID_Student]) VALUES (3, 8);
INSERT INTO [Klasy] ([ID_Klasa], [ID_Student]) VALUES (4, 9);
INSERT INTO [Klasy] ([ID_Klasa], [ID_Student]) VALUES (4, 10);
INSERT INTO [Klasy] ([ID_Klasa], [ID_Student]) VALUES (4, 11);
INSERT INTO [Klasy] ([ID_Klasa], [ID_Student]) VALUES (5, 12);
INSERT INTO [Klasy] ([ID_Klasa], [ID_Student]) VALUES (5, 13);
INSERT INTO [Klasy] ([ID_Klasa], [ID_Student]) VALUES (5, 14);
INSERT INTO [Klasy] ([ID_Klasa], [ID_Student]) VALUES (6, 15);
INSERT INTO [Klasy] ([ID_Klasa], [ID_Student]) VALUES (6, 16);
INSERT INTO [Klasy] ([ID_Klasa], [ID_Student]) VALUES (6, 17);
INSERT INTO [Klasy] ([ID_Klasa], [ID_Student]) VALUES (7, 18);
INSERT INTO [Klasy] ([ID_Klasa], [ID_Student]) VALUES (7, 19);
INSERT INTO [Klasy] ([ID_Klasa], [ID_Student]) VALUES (7, 20);
INSERT INTO [Klasy] ([ID_Klasa], [ID_Student]) VALUES (2, 2);
INSERT INTO [Klasy] ([ID_Klasa], [ID_Student]) VALUES (1, 10);
INSERT INTO [Klasy] ([ID_Klasa], [ID_Student]) VALUES (6, 14);
INSERT INTO [Klasy] ([ID_Klasa], [ID_Student]) VALUES (7, 7);
INSERT INTO [Poziom] ([ID_Poziom], [Poziom]) VALUES (1, "A1");
INSERT INTO [Poziom] ([ID_Poziom], [Poziom]) VALUES (2, "A2");
INSERT INTO [Poziom] ([ID_Poziom], [Poziom]) VALUES (3, "B1");
INSERT INTO [Poziom] ([ID_Poziom], [Poziom]) VALUES (4, "B2");
INSERT INTO [Poziom] ([ID_Poziom], [Poziom]) VALUES (5, "C1");
INSERT INTO [Poziom] ([ID_Poziom], [Poziom]) VALUES (6, "C2");
INSERT INTO [Kurs] ([ID_kurs], [Nazwa_kurs], [Poziomy_Od], [Poziomy_Do], [Cena_kurs], [Liczba_godzin], [Limit_uczestnikow], [Data_rozp], [Data_zak]) VALUES (1, "JÊZYK ANGIELSKI OGÓLNY", 1, 6, 470, 30, 13, #10/01/2020#, #06/01/2021#);
INSERT INTO [Kurs] ([ID_kurs], [Nazwa_kurs], [Poziomy_Od], [Poziomy_Do], [Cena_kurs], [Liczba_godzin], [Limit_uczestnikow], [Data_rozp], [Data_zak]) VALUES (2, "JÊZYK ANGIELSKI SPECJALISTYCZNY", 3, 6, 580, 30, 10, #06/30/2020#, #09/30/2020#);
INSERT INTO [Kurs] ([ID_kurs], [Nazwa_kurs], [Poziomy_Od], [Poziomy_Do], [Cena_kurs], [Liczba_godzin], [Limit_uczestnikow], [Data_rozp], [Data_zak]) VALUES (3, "JÊZYK NIEMIECKI OGÓLNY", 1, 6, 690, 30, 7, #10/01/2020#, #06/01/2021#);
INSERT INTO [Kurs] ([ID_kurs], [Nazwa_kurs], [Poziomy_Od], [Poziomy_Do], [Cena_kurs], [Liczba_godzin], [Limit_uczestnikow], [Data_rozp], [Data_zak]) VALUES (4, "JÊZYK NIEMIECKI SPECJALISTYCZNY", 3, 6, 580, 30, 10, #06/30/2020#, #09/30/2020#);
INSERT INTO [Kurs] ([ID_kurs], [Nazwa_kurs], [Poziomy_Od], [Poziomy_Do], [Cena_kurs], [Liczba_godzin], [Limit_uczestnikow], [Data_rozp], [Data_zak]) VALUES (5, "JÊZYK HISZPAÑSKI", 1, 6, 470, 30, 13, #10/01/2020#, #06/01/2021#);
INSERT INTO [Kurs] ([ID_kurs], [Nazwa_kurs], [Poziomy_Od], [Poziomy_Do], [Cena_kurs], [Liczba_godzin], [Limit_uczestnikow], [Data_rozp], [Data_zak]) VALUES (6, "JÊZYK FRANCUSKI", 1, 6, 580, 30, 10, #10/02/2020#, #06/01/2021#);
INSERT INTO [Kurs] ([ID_kurs], [Nazwa_kurs], [Poziomy_Od], [Poziomy_Do], [Cena_kurs], [Liczba_godzin], [Limit_uczestnikow], [Data_rozp], [Data_zak]) VALUES (7, "JÊZYK W£OSKI", 1, 6, 470, 30, 13, #10/03/2020#, #06/01/2021#);
INSERT INTO [Kurs] ([ID_kurs], [Nazwa_kurs], [Poziomy_Od], [Poziomy_Do], [Cena_kurs], [Liczba_godzin], [Limit_uczestnikow], [Data_rozp], [Data_zak]) VALUES (8, "JÊZYK SZWEDZKI", 1, 6, 690, 30, 7, #10/04/2020#, #06/01/2021#);
INSERT INTO [Kurs] ([ID_kurs], [Nazwa_kurs], [Poziomy_Od], [Poziomy_Do], [Cena_kurs], [Liczba_godzin], [Limit_uczestnikow], [Data_rozp], [Data_zak]) VALUES (9, "JÊZYK NORWESKI", 1, 6, 580, 30, 10, #10/09/2020#, #06/01/2021#);
INSERT INTO [Kurs] ([ID_kurs], [Nazwa_kurs], [Poziomy_Od], [Poziomy_Do], [Cena_kurs], [Liczba_godzin], [Limit_uczestnikow], [Data_rozp], [Data_zak]) VALUES (10, "JÊZYK ROSYJSKI", 1, 6, 470, 30, 13, #10/08/2020#, #06/01/2021#);
INSERT INTO [Kurs] ([ID_kurs], [Nazwa_kurs], [Poziomy_Od], [Poziomy_Do], [Cena_kurs], [Liczba_godzin], [Limit_uczestnikow], [Data_rozp], [Data_zak]) VALUES (11, "JÊZYK JAPOÑSKI", 1, 6, 580, 30, 10, #10/06/2020#, #06/01/2021#);
INSERT INTO [Kurs] ([ID_kurs], [Nazwa_kurs], [Poziomy_Od], [Poziomy_Do], [Cena_kurs], [Liczba_godzin], [Limit_uczestnikow], [Data_rozp], [Data_zak]) VALUES (12, "POLISH FOR FOREIGNERS", 1, 6, 690, 30, 7, #10/07/2020#, #06/01/2021#);
INSERT INTO [Kurs_student] ([ID_Student], [ID_kurs]) VALUES (1, 1);
INSERT INTO [Kurs_student] ([ID_Student], [ID_kurs]) VALUES (1, 5);
INSERT INTO [Kurs_student] ([ID_Student], [ID_kurs]) VALUES (2, 8);
INSERT INTO [Kurs_student] ([ID_Student], [ID_kurs]) VALUES (11, 9);
INSERT INTO [Kurs_student] ([ID_Student], [ID_kurs]) VALUES (14, 11);
INSERT INTO [Kurs_student] ([ID_Student], [ID_kurs]) VALUES (14, 3);
INSERT INTO [Kurs_student] ([ID_Student], [ID_kurs]) VALUES (8, 7);
INSERT INTO [Kurs_student] ([ID_Student], [ID_kurs]) VALUES (7, 5);
INSERT INTO [Kurs_student] ([ID_Student], [ID_kurs]) VALUES (4, 12);
INSERT INTO [Kurs_student] ([ID_Student], [ID_kurs]) VALUES (10, 3);
INSERT INTO [Kurs_student] ([ID_Student], [ID_kurs]) VALUES (17, 3);
INSERT INTO [Kurs_student] ([ID_Student], [ID_kurs]) VALUES (12, 3);
INSERT INTO [Kurs_student] ([ID_Student], [ID_kurs]) VALUES (11, 11);
INSERT INTO [Kurs_student] ([ID_Student], [ID_kurs]) VALUES (19, 6);
INSERT INTO [Typ_przedmiotu] ([ID_typ_przedmiotu], [Typ_przedmiotu]) VALUES (1, "Wyk³ad");
INSERT INTO [Typ_przedmiotu] ([ID_typ_przedmiotu], [Typ_przedmiotu]) VALUES (2, "Æwiczenia");
INSERT INTO [Typ_przedmiotu] ([ID_typ_przedmiotu], [Typ_przedmiotu]) VALUES (3, "Laboratoria");
INSERT INTO [Przedmiot] ([ID_Przedmiot], [Nazwa_p], [ID_Typ_Przedmiotu], [Data_utworzenia], [Data_modyfikacji], [ECTS], [ID_Forma_Zaliczenia]) VALUES (1, "Podstawy Biotechnologii – Wprowadzenie", 1, #05/19/2020#, #05/19/2020 15:28:17#, 3, 1);
INSERT INTO [Przedmiot] ([ID_Przedmiot], [Nazwa_p], [ID_Typ_Przedmiotu], [Data_utworzenia], [Data_modyfikacji], [ECTS], [ID_Forma_Zaliczenia]) VALUES (2, "Podstawy Biotechnologii – Wprowadzenie", 2, #05/19/2020#, #05/19/2020 14:50:09#, 1, 3);
INSERT INTO [Przedmiot] ([ID_Przedmiot], [Nazwa_p], [ID_Typ_Przedmiotu], [Data_utworzenia], [Data_modyfikacji], [ECTS], [ID_Forma_Zaliczenia]) VALUES (3, "Podstawy Biotechnologii - ABC IT", 3, #05/19/2020#, #05/19/2020 15:30:18#, 1, 3);
INSERT INTO [Przedmiot] ([ID_Przedmiot], [Nazwa_p], [ID_Typ_Przedmiotu], [Data_utworzenia], [Data_modyfikacji], [ECTS], [ID_Forma_Zaliczenia]) VALUES (4, "Histologia zwierz¹t", 1, #05/19/2020#, #05/19/2020 15:33:00#, 2, 1);
INSERT INTO [Przedmiot] ([ID_Przedmiot], [Nazwa_p], [ID_Typ_Przedmiotu], [Data_utworzenia], [Data_modyfikacji], [ECTS], [ID_Forma_Zaliczenia]) VALUES (5, "Histologia zwierz¹t", 3, #05/19/2020#, #05/19/2020 15:33:28#, 2, 3);
INSERT INTO [Przedmiot] ([ID_Przedmiot], [Nazwa_p], [ID_Typ_Przedmiotu], [Data_utworzenia], [Data_modyfikacji], [ECTS], [ID_Forma_Zaliczenia]) VALUES (6, "Szkolenie BHP i Ppo¿", 1, #05/19/2020#, #05/19/2020 15:35:52#, 11, 3);
INSERT INTO [Przedmiot] ([ID_Przedmiot], [Nazwa_p], [ID_Typ_Przedmiotu], [Data_utworzenia], [Data_modyfikacji], [ECTS], [ID_Forma_Zaliczenia]) VALUES (8, "Zaawansowana technologie remediacji œrodowiska", 1, #05/19/2020#, #05/19/2020 17:55:15#, 2, 1);
INSERT INTO [Przedmiot] ([ID_Przedmiot], [Nazwa_p], [ID_Typ_Przedmiotu], [Data_utworzenia], [Data_modyfikacji], [ECTS], [ID_Forma_Zaliczenia]) VALUES (9, "Zaawansowana technologie remediacji œrodowiska", 2, #05/19/2020#, #05/19/2020 17:55:47#, 3, 3);
INSERT INTO [Przedmiot] ([ID_Przedmiot], [Nazwa_p], [ID_Typ_Przedmiotu], [Data_utworzenia], [Data_modyfikacji], [ECTS], [ID_Forma_Zaliczenia]) VALUES (10, "Microeconomics", 1, #05/19/2020#, #05/19/2020 18:02:47#, 2, 1);
INSERT INTO [Przedmiot] ([ID_Przedmiot], [Nazwa_p], [ID_Typ_Przedmiotu], [Data_utworzenia], [Data_modyfikacji], [ECTS], [ID_Forma_Zaliczenia]) VALUES (11, "Microeconomics", 2, #05/19/2020#, #05/19/2020 18:02:45#, 2, 3);
INSERT INTO [Przedmiot] ([ID_Przedmiot], [Nazwa_p], [ID_Typ_Przedmiotu], [Data_utworzenia], [Data_modyfikacji], [ECTS], [ID_Forma_Zaliczenia]) VALUES (12, "Knowledge Management", 1, #05/19/2020#, #05/19/2020 18:02:42#, 2, 1);
INSERT INTO [Przedmiot] ([ID_Przedmiot], [Nazwa_p], [ID_Typ_Przedmiotu], [Data_utworzenia], [Data_modyfikacji], [ECTS], [ID_Forma_Zaliczenia]) VALUES (13, "Knowledge Management", 2, #05/19/2020#, #05/19/2020 18:02:40#, 1, 3);
INSERT INTO [Przedmiot] ([ID_Przedmiot], [Nazwa_p], [ID_Typ_Przedmiotu], [Data_utworzenia], [Data_modyfikacji], [ECTS], [ID_Forma_Zaliczenia]) VALUES (14, "Praktyczna nauka jêzyka hiszpañskiego", 2, #05/19/2020#, #05/19/2020 18:03:16#, 2, 1);
INSERT INTO [Przedmiot] ([ID_Przedmiot], [Nazwa_p], [ID_Typ_Przedmiotu], [Data_utworzenia], [Data_modyfikacji], [ECTS], [ID_Forma_Zaliczenia]) VALUES (15, "Praktyczna nauka jêzyka portugalskiego", 2, #05/19/2020#, #05/19/2020 18:03:32#, 2, 1);
INSERT INTO [Przedmiot] ([ID_Przedmiot], [Nazwa_p], [ID_Typ_Przedmiotu], [Data_utworzenia], [Data_modyfikacji], [ECTS], [ID_Forma_Zaliczenia]) VALUES (16, "Podstawy biologii", 1, #05/19/2020#, #05/19/2020 18:06:04#, 4, 1);
INSERT INTO [Przedmiot] ([ID_Przedmiot], [Nazwa_p], [ID_Typ_Przedmiotu], [Data_utworzenia], [Data_modyfikacji], [ECTS], [ID_Forma_Zaliczenia]) VALUES (17, "Podstawy biologii", 3, #05/19/2020#, #05/19/2020 18:06:17#, 4, 2);
INSERT INTO [Przedmiot] ([ID_Przedmiot], [Nazwa_p], [ID_Typ_Przedmiotu], [Data_utworzenia], [Data_modyfikacji], [ECTS], [ID_Forma_Zaliczenia]) VALUES (18, "Matematyka dyskretna i algebra liniowa", 1, #05/19/2020#, #05/19/2020 18:06:47#, 2, 1);
INSERT INTO [Przedmiot] ([ID_Przedmiot], [Nazwa_p], [ID_Typ_Przedmiotu], [Data_utworzenia], [Data_modyfikacji], [ECTS], [ID_Forma_Zaliczenia]) VALUES (19, "Matematyka dyskretna i algebra liniowa", 3, #05/19/2020#, #05/19/2020 18:07:09#, 1, 2);
INSERT INTO [Przedmiot] ([ID_Przedmiot], [Nazwa_p], [ID_Typ_Przedmiotu], [Data_utworzenia], [Data_modyfikacji], [ECTS], [ID_Forma_Zaliczenia]) VALUES (20, "Algebra liniowa z geometri¹ analityczn¹", 1, #05/19/2020#, #05/19/2020 18:07:40#, 3, 1);
INSERT INTO [Przedmiot] ([ID_Przedmiot], [Nazwa_p], [ID_Typ_Przedmiotu], [Data_utworzenia], [Data_modyfikacji], [ECTS], [ID_Forma_Zaliczenia]) VALUES (21, "Algebra liniowa z geometri¹ analityczn¹", 3, #05/19/2020#, #05/19/2020 18:07:55#, 2, 2);
INSERT INTO [Przedmiot] ([ID_Przedmiot], [Nazwa_p], [ID_Typ_Przedmiotu], [Data_utworzenia], [Data_modyfikacji], [ECTS], [ID_Forma_Zaliczenia]) VALUES (22, "Jêzyki programowania", 1, #05/19/2020#, #05/19/2020 18:08:10#, 4, 1);
INSERT INTO [Przedmiot] ([ID_Przedmiot], [Nazwa_p], [ID_Typ_Przedmiotu], [Data_utworzenia], [Data_modyfikacji], [ECTS], [ID_Forma_Zaliczenia]) VALUES (23, "Jêzyki programowania", 3, #05/19/2020#, #05/19/2020 18:08:19#, 3, 2);
INSERT INTO [Lekcja] ([ID_Lekcja], [ID_Nauczyciel], [ID_Przedmiot], [ID_Godzina], [Temat_lekcji]) VALUES (1, 1, 1, 3, "Lekcja organizacyjna");
INSERT INTO [LIsta_lekcji] ([ID_ListaL], [ID_Lekcja], [ID_Klasa]) VALUES (1, 1, 1);
INSERT INTO [Oplaty] ([ID_Oplaty], [Przeznaczenie], [Kwota]) VALUES (1, "Legitymacja", 30);
INSERT INTO [Oplaty] ([ID_Oplaty], [Przeznaczenie], [Kwota]) VALUES (2, "Przetrzymanie ksi¹¿ki", 4);
INSERT INTO [Lista_oplat] ([ID_Oplaty], [ID_Student], [Data_wplaty], [Data_modyfikacji]) VALUES (1, 1, #05/20/2020#, #05/20/2020 03:06:20#);
INSERT INTO [Lista_oplat] ([ID_Oplaty], [ID_Student], [Data_wplaty], [Data_modyfikacji]) VALUES (2, 7, #05/20/2020#, #05/24/2020 19:28:14#);
INSERT INTO [Status_Obecnosci] ([ID_StatusO], [Status]) VALUES (1, "Obecny");
INSERT INTO [Status_Obecnosci] ([ID_StatusO], [Status]) VALUES (2, "Nieobecny");
INSERT INTO [Status_Obecnosci] ([ID_StatusO], [Status]) VALUES (3, "Nieobecny usprawiedliwiony");
INSERT INTO [Status_Obecnosci] ([ID_StatusO], [Status]) VALUES (4, "Zwolniony");
INSERT INTO [Obecnosc] ([ID_Obecnosc], [ID_Lekcja], [ID_Student], [Data], [Modyfikacja], [ID_StatusO], [ID_Nauczyciel]) VALUES (1, 1, 2, #05/23/2020#, #05/23/2020 03:07:00#, 2, 2);
INSERT INTO [Ocena] ([ID_Ocena], [Ocena_tekst], [Ocena]) VALUES (1, "niedostateczny", 2);
INSERT INTO [Ocena] ([ID_Ocena], [Ocena_tekst], [Ocena]) VALUES (2, "dostateczny", 3);
INSERT INTO [Ocena] ([ID_Ocena], [Ocena_tekst], [Ocena]) VALUES (3, "dobry", 4);
INSERT INTO [Ocena] ([ID_Ocena], [Ocena_tekst], [Ocena]) VALUES (4, "bardzo dobry", 5);
INSERT INTO [Rodzaj_p_dyp] ([ID_rodzaj_p_dyp], [Rodzaj]) VALUES (1, "teoretyczny");
INSERT INTO [Rodzaj_p_dyp] ([ID_rodzaj_p_dyp], [Rodzaj]) VALUES (2, "empiryczny");
INSERT INTO [Rodzaj_p_dyp] ([ID_rodzaj_p_dyp], [Rodzaj]) VALUES (3, "przegl¹dowy");
INSERT INTO [Typ_pracy_dyp] ([ID_typ_pracy_dyp], [Typ_pracy_dyp]) VALUES (1, "Licencjat");
INSERT INTO [Typ_pracy_dyp] ([ID_typ_pracy_dyp], [Typ_pracy_dyp]) VALUES (2, "Magistrat");
INSERT INTO [Typ_pracy_dyp] ([ID_typ_pracy_dyp], [Typ_pracy_dyp]) VALUES (3, "In¿ynierska");
INSERT INTO [Typ_pracy_dyp] ([ID_typ_pracy_dyp], [Typ_pracy_dyp]) VALUES (4, "Doktorska");
INSERT INTO [Typ_pracy_dyp] ([ID_typ_pracy_dyp], [Typ_pracy_dyp]) VALUES (5, "Habilitacyjna");
INSERT INTO [Typ_pracy_dyp] ([ID_typ_pracy_dyp], [Typ_pracy_dyp]) VALUES (6, "Specjalistyczna");
INSERT INTO [Typ_pracy_dyp] ([ID_typ_pracy_dyp], [Typ_pracy_dyp]) VALUES (7, "Podyplomowa");
INSERT INTO [Praca_dyplomowa] ([ID_pd], [Tytul_pracy], [ID_typ_pracy_dyp], [ID_rodzaj_p_dyp]) VALUES (1, "„Samorz¹d i organizacje pozarz¹dowe w lokalnej polityce spo³ecznej na przyk³adzie gminy S³awno w latach 2009-2014”", 1, 1);
INSERT INTO [Praca_dyplomowa] ([ID_pd], [Tytul_pracy], [ID_typ_pracy_dyp], [ID_rodzaj_p_dyp]) VALUES (2, """Program do analizy danych doœwiadczalnych w spektroskopii mechanicznej AFM""", 2, 2);
INSERT INTO [Praca_dyplomowa] ([ID_pd], [Tytul_pracy], [ID_typ_pracy_dyp], [ID_rodzaj_p_dyp]) VALUES (3, "Oprogramowanie do symulacji widm molekularnych", 2, 2);
INSERT INTO [Praca_dyplomowa] ([ID_pd], [Tytul_pracy], [ID_typ_pracy_dyp], [ID_rodzaj_p_dyp]) VALUES (4, """Rozbudowa systemu sta³oprzecinkowego o koprocesor artymetyczny 8087""", 3, 2);
INSERT INTO [Praca_dyplomowa] ([ID_pd], [Tytul_pracy], [ID_typ_pracy_dyp], [ID_rodzaj_p_dyp]) VALUES (5, """Wyznaczniki i wymiary wspóáczesnej koncepcji marketingowej""", 1, 2);
INSERT INTO [Praca_dyplomowa] ([ID_pd], [Tytul_pracy], [ID_typ_pracy_dyp], [ID_rodzaj_p_dyp]) VALUES (6, "Strategia organizacji nie nastawionych na zysk", 7, 3);
INSERT INTO [Praca_dyplomowa] ([ID_pd], [Tytul_pracy], [ID_typ_pracy_dyp], [ID_rodzaj_p_dyp]) VALUES (7, """Wpáyw dziaáania sektora organizacji pozarz¹dowych na rozwój kapitaáuspoáecznego w regionie""", 4, 2);
INSERT INTO [Praca_dyplomowa] ([ID_pd], [Tytul_pracy], [ID_typ_pracy_dyp], [ID_rodzaj_p_dyp]) VALUES (8, """Wpáyw dziaáania sektora organizacji pozarz¹dowych na rozwój kapitaáuspoáecznego w regionie""", 5, 3);
INSERT INTO [Praca_dyplomowa] ([ID_pd], [Tytul_pracy], [ID_typ_pracy_dyp], [ID_rodzaj_p_dyp]) VALUES (9, """Wpáyw dziaáania sektora organizacji pozarz¹dowych na rozwój kapitaáuspoáecznego w regionie""", 2, 1);
INSERT INTO [Sale] ([ID_Sala], [Numer_pokoju]) VALUES (1, 1);
INSERT INTO [Sale] ([ID_Sala], [Numer_pokoju]) VALUES (2, 2);
INSERT INTO [Sale] ([ID_Sala], [Numer_pokoju]) VALUES (3, 3);
INSERT INTO [Sale] ([ID_Sala], [Numer_pokoju]) VALUES (4, 4);
INSERT INTO [Sale] ([ID_Sala], [Numer_pokoju]) VALUES (5, 5);
INSERT INTO [Sale] ([ID_Sala], [Numer_pokoju]) VALUES (6, 6);
INSERT INTO [Sale] ([ID_Sala], [Numer_pokoju]) VALUES (7, 7);
INSERT INTO [Sale] ([ID_Sala], [Numer_pokoju]) VALUES (8, 8);
INSERT INTO [Sale] ([ID_Sala], [Numer_pokoju]) VALUES (9, 9);
INSERT INTO [Sale] ([ID_Sala], [Numer_pokoju]) VALUES (10, 10);
INSERT INTO [Sale] ([ID_Sala], [Numer_pokoju]) VALUES (11, 11);
INSERT INTO [Sale] ([ID_Sala], [Numer_pokoju]) VALUES (12, 12);
INSERT INTO [Sale] ([ID_Sala], [Numer_pokoju]) VALUES (13, 13);
INSERT INTO [Sale] ([ID_Sala], [Numer_pokoju]) VALUES (14, 14);
INSERT INTO [Sale] ([ID_Sala], [Numer_pokoju]) VALUES (15, 15);
INSERT INTO [Sale] ([ID_Sala], [Numer_pokoju]) VALUES (16, 16);
INSERT INTO [Sale] ([ID_Sala], [Numer_pokoju]) VALUES (17, 17);
INSERT INTO [Sale] ([ID_Sala], [Numer_pokoju]) VALUES (18, 18);
INSERT INTO [Sale] ([ID_Sala], [Numer_pokoju]) VALUES (19, 19);
INSERT INTO [Sale] ([ID_Sala], [Numer_pokoju]) VALUES (20, 20);
INSERT INTO [Sale] ([ID_Sala], [Numer_pokoju]) VALUES (21, 39);
INSERT INTO [Przedmioty] ([ID_Przedmiot], [ID_Klasa], [ID_Nauczyciel], [ID_Sala], [Status], [Liczba_godzin]) VALUES (1, 1, 1, 1, -1, 30);
INSERT INTO [Przedmioty] ([ID_Przedmiot], [ID_Klasa], [ID_Nauczyciel], [ID_Sala], [Status], [Liczba_godzin]) VALUES (2, 1, 2, 11, -1, 30);
INSERT INTO [Przedmioty] ([ID_Przedmiot], [ID_Klasa], [ID_Nauczyciel], [ID_Sala], [Status], [Liczba_godzin]) VALUES (3, 1, 2, 13, -1, 15);
INSERT INTO [Przedmioty] ([ID_Przedmiot], [ID_Klasa], [ID_Nauczyciel], [ID_Sala], [Status], [Liczba_godzin]) VALUES (4, 2, 3, 2, -1, 30);
INSERT INTO [Przedmioty] ([ID_Przedmiot], [ID_Klasa], [ID_Nauczyciel], [ID_Sala], [Status], [Liczba_godzin]) VALUES (5, 2, 6, 16, -1, 30);
INSERT INTO [Przedmioty] ([ID_Przedmiot], [ID_Klasa], [ID_Nauczyciel], [ID_Sala], [Status], [Liczba_godzin]) VALUES (6, 2, 11, 2, 0, 15);
INSERT INTO [Przedmioty] ([ID_Przedmiot], [ID_Klasa], [ID_Nauczyciel], [ID_Sala], [Status], [Liczba_godzin]) VALUES (8, 3, 4, 3, -1, 30);
INSERT INTO [Przedmioty] ([ID_Przedmiot], [ID_Klasa], [ID_Nauczyciel], [ID_Sala], [Status], [Liczba_godzin]) VALUES (9, 3, 5, 8, -1, 30);
INSERT INTO [Przedmioty] ([ID_Przedmiot], [ID_Klasa], [ID_Nauczyciel], [ID_Sala], [Status], [Liczba_godzin]) VALUES (10, 3, 8, 1, -1, 30);
INSERT INTO [Przedmioty] ([ID_Przedmiot], [ID_Klasa], [ID_Nauczyciel], [ID_Sala], [Status], [Liczba_godzin]) VALUES (11, 3, 9, 12, -1, 30);
INSERT INTO [Przedmioty] ([ID_Przedmiot], [ID_Klasa], [ID_Nauczyciel], [ID_Sala], [Status], [Liczba_godzin]) VALUES (12, 4, 8, 2, -1, 30);
INSERT INTO [Przedmioty] ([ID_Przedmiot], [ID_Klasa], [ID_Nauczyciel], [ID_Sala], [Status], [Liczba_godzin]) VALUES (13, 4, 9, 19, -1, 30);
INSERT INTO [Przedmioty] ([ID_Przedmiot], [ID_Klasa], [ID_Nauczyciel], [ID_Sala], [Status], [Liczba_godzin]) VALUES (14, 5, 11, 6, -1, 60);
INSERT INTO [Przedmioty] ([ID_Przedmiot], [ID_Klasa], [ID_Nauczyciel], [ID_Sala], [Status], [Liczba_godzin]) VALUES (15, 5, 10, 7, -1, 60);
INSERT INTO [Przedmioty] ([ID_Przedmiot], [ID_Klasa], [ID_Nauczyciel], [ID_Sala], [Status], [Liczba_godzin]) VALUES (16, 6, 1, 3, -1, 30);
INSERT INTO [Przedmioty] ([ID_Przedmiot], [ID_Klasa], [ID_Nauczyciel], [ID_Sala], [Status], [Liczba_godzin]) VALUES (17, 6, 2, 15, -1, 30);
INSERT INTO [Przedmioty] ([ID_Przedmiot], [ID_Klasa], [ID_Nauczyciel], [ID_Sala], [Status], [Liczba_godzin]) VALUES (18, 6, 8, 2, -1, 30);
INSERT INTO [Przedmioty] ([ID_Przedmiot], [ID_Klasa], [ID_Nauczyciel], [ID_Sala], [Status], [Liczba_godzin]) VALUES (19, 6, 9, 10, -1, 30);
INSERT INTO [Przedmioty] ([ID_Przedmiot], [ID_Klasa], [ID_Nauczyciel], [ID_Sala], [Status], [Liczba_godzin]) VALUES (20, 7, 6, 1, -1, 30);
INSERT INTO [Przedmioty] ([ID_Przedmiot], [ID_Klasa], [ID_Nauczyciel], [ID_Sala], [Status], [Liczba_godzin]) VALUES (21, 7, 7, 18, -1, 30);
INSERT INTO [Przedmioty] ([ID_Przedmiot], [ID_Klasa], [ID_Nauczyciel], [ID_Sala], [Status], [Liczba_godzin]) VALUES (22, 7, 7, 1, -1, 30);
INSERT INTO [Przedmioty] ([ID_Przedmiot], [ID_Klasa], [ID_Nauczyciel], [ID_Sala], [Status], [Liczba_godzin]) VALUES (23, 7, 6, 21, -1, 30);
INSERT INTO [Stypendia] ([ID_Stypendia], [Typ_st]) VALUES (1, "Socjalne");
INSERT INTO [Stypendia] ([ID_Stypendia], [Typ_st]) VALUES (2, "Socjalne w zwiêkszonej wysokoœci z tytu³u zamieszkania w Domu Studenckim lub innym obiekcie");
INSERT INTO [Stypendia] ([ID_Stypendia], [Typ_st]) VALUES (3, "Rektora");
INSERT INTO [Stypendia] ([ID_Stypendia], [Typ_st]) VALUES (4, "Specjalne dla osób niepe³nosprawnych");
INSERT INTO [Stypendia] ([ID_Stypendia], [Typ_st]) VALUES (5, "Nagrody Rektora");
INSERT INTO [Stypendia] ([ID_Stypendia], [Typ_st]) VALUES (6, "Ministra Nauki i Szkolnictwa Wy¿szego");
INSERT INTO [Stypendia] ([ID_Stypendia], [Typ_st]) VALUES (7, "Marsza³ka Województwa Pomorskiego");
INSERT INTO [Stypendia] ([ID_Stypendia], [Typ_st]) VALUES (8, "Prezydenta Miasta Gdañska");
INSERT INTO [Stypendia] ([ID_Stypendia], [Typ_st]) VALUES (9, "Prezydenta Miasta Sopotu");
INSERT INTO [Stypendia] ([ID_Stypendia], [Typ_st]) VALUES (10, "Prezydenta Miasta Gdyni");
INSERT INTO [Stypendia] ([ID_Stypendia], [Typ_st]) VALUES (11, "Pozosta³e stypendia fundowane przez jednostki samorz¹du terytorialnego");
INSERT INTO [USysApplicationLog] ([ID], [SourceObject], [Data Macro Instance ID], [Error Number], [Category], [Object Type], [Description], [Context], [Created]) VALUES (1, "Przedmiot.AfterUpdate", "{D9CE5325-AEC2-48E4-AC3E-D8D24AB02EE4}", -20335, "Execution", "Macro", "Operacja EdytujRekord nie powiod³a siê, poniewa¿ alias domyœlny reprezentuje rekord bêd¹cy w stanie tylko do odczytu.", "EdytujRekord ", #05/19/2020 14:56:09#);
INSERT INTO [USysApplicationLog] ([ID], [SourceObject], [Data Macro Instance ID], [Error Number], [Category], [Object Type], [Description], [Context], [Created]) VALUES (2, "Przedmiot.AfterUpdate", "{8B9ACEE9-93CF-4AFA-99FF-AE2076325FE8}", -20335, "Execution", "Macro", "Operacja EdytujRekord nie powiod³a siê, poniewa¿ alias domyœlny reprezentuje rekord bêd¹cy w stanie tylko do odczytu.", "EdytujRekord ", #05/19/2020 14:56:50#);
INSERT INTO [USysApplicationLog] ([ID], [SourceObject], [Data Macro Instance ID], [Error Number], [Category], [Object Type], [Description], [Context], [Created]) VALUES (3, "Przedmiot.AfterUpdate", "{9245EE7B-7724-450D-A113-8BBDD14B67F4}", -20335, "Execution", "Macro", "Operacja EdytujRekord nie powiod³a siê, poniewa¿ alias domyœlny reprezentuje rekord bêd¹cy w stanie tylko do odczytu.", "EdytujRekord ", #05/19/2020 14:56:52#);
INSERT INTO [USysApplicationLog] ([ID], [SourceObject], [Data Macro Instance ID], [Error Number], [Category], [Object Type], [Description], [Context], [Created]) VALUES (4, "Przedmiot.AfterUpdate", "{50E02A54-BA19-466C-928A-5C110F38CDF6}", -20335, "Execution", "Macro", "Operacja EdytujRekord nie powiod³a siê, poniewa¿ alias domyœlny reprezentuje rekord bêd¹cy w stanie tylko do odczytu.", "EdytujRekord ", #05/19/2020 15:00:17#);
INSERT INTO [USysApplicationLog] ([ID], [SourceObject], [Data Macro Instance ID], [Error Number], [Category], [Object Type], [Description], [Context], [Created]) VALUES (5, "Przedmiot.AfterUpdate", "{E4BAFC67-7F30-4A92-B079-5E4E0C728E25}", -20335, "Execution", "Macro", "Operacja EdytujRekord nie powiod³a siê, poniewa¿ alias domyœlny reprezentuje rekord bêd¹cy w stanie tylko do odczytu.", "EdytujRekord ", #05/19/2020 15:00:20#);
INSERT INTO [USysApplicationLog] ([ID], [SourceObject], [Data Macro Instance ID], [Error Number], [Category], [Object Type], [Description], [Context], [Created]) VALUES (6, "Przedmiot.AfterUpdate", "{89C3159C-E2E5-4F77-83D5-6ACCD1AAE000}", -20335, "Execution", "Macro", "Operacja EdytujRekord nie powiod³a siê, poniewa¿ alias domyœlny reprezentuje rekord bêd¹cy w stanie tylko do odczytu.", "EdytujRekord ", #05/19/2020 15:00:36#);
INSERT INTO [USysApplicationLog] ([ID], [SourceObject], [Data Macro Instance ID], [Error Number], [Category], [Object Type], [Description], [Context], [Created]) VALUES (7, "Przedmiot.AfterUpdate", "{46A5BE26-0ABB-44AC-ADCD-144FDA88DF2D}", -20335, "Execution", "Macro", "Operacja EdytujRekord nie powiod³a siê, poniewa¿ alias domyœlny reprezentuje rekord bêd¹cy w stanie tylko do odczytu.", "EdytujRekord ", #05/19/2020 15:00:47#);
INSERT INTO [USysApplicationLog] ([ID], [SourceObject], [Data Macro Instance ID], [Error Number], [Category], [Object Type], [Description], [Context], [Created]) VALUES (8, "Przedmiot.AfterUpdate", "{43453B79-3D3E-4C37-98CC-9F18C4AD359E}", -20335, "Execution", "Macro", "Operacja EdytujRekord nie powiod³a siê, poniewa¿ alias domyœlny reprezentuje rekord bêd¹cy w stanie tylko do odczytu.", "EdytujRekord ", #05/19/2020 15:01:00#);
INSERT INTO [USysApplicationLog] ([ID], [SourceObject], [Data Macro Instance ID], [Error Number], [Category], [Object Type], [Description], [Context], [Created]) VALUES (9, "Przedmiot.AfterUpdate", "{1DDF6EE1-5366-4BAB-9A2F-59E55373793C}", -20335, "Execution", "Macro", "Operacja EdytujRekord nie powiod³a siê, poniewa¿ alias domyœlny reprezentuje rekord bêd¹cy w stanie tylko do odczytu.", "EdytujRekord ", #05/19/2020 15:01:04#);
INSERT INTO [USysApplicationLog] ([ID], [SourceObject], [Data Macro Instance ID], [Error Number], [Category], [Object Type], [Description], [Context], [Created]) VALUES (10, "Przedmiot.AfterInsert", "{18CEA262-B7B3-47D2-AE1C-8D724B9E426E}", -20335, "Execution", "Macro", "Operacja EdytujRekord nie powiod³a siê, poniewa¿ alias domyœlny reprezentuje rekord bêd¹cy w stanie tylko do odczytu.", "EdytujRekord ", #05/19/2020 15:03:13#);
INSERT INTO [USysApplicationLog] ([ID], [SourceObject], [Data Macro Instance ID], [Error Number], [Category], [Object Type], [Description], [Context], [Created]) VALUES (11, "Przedmiot.AfterUpdate", "{503884DE-644F-4A0C-AA8D-C1BBB3AA6190}", -20335, "Execution", "Macro", "Operacja EdytujRekord nie powiod³a siê, poniewa¿ alias domyœlny reprezentuje rekord bêd¹cy w stanie tylko do odczytu.", "EdytujRekord ", #05/19/2020 15:05:25#);
INSERT INTO [USysApplicationLog] ([ID], [SourceObject], [Data Macro Instance ID], [Error Number], [Category], [Object Type], [Description], [Context], [Created]) VALUES (12, "Przedmiot.AfterUpdate", "{550739FB-6BDE-4206-9C9D-C24D0F7183E8}", -20335, "Execution", "Macro", "Operacja EdytujRekord nie powiod³a siê, poniewa¿ alias domyœlny reprezentuje rekord bêd¹cy w stanie tylko do odczytu.", "EdytujRekord ", #05/19/2020 15:05:30#);
INSERT INTO [USysApplicationLog] ([ID], [SourceObject], [Data Macro Instance ID], [Error Number], [Category], [Object Type], [Description], [Context], [Created]) VALUES (13, "Przedmiot.AfterUpdate", "{2497136F-6E1D-4C1D-8EF5-BF31EA8F7ECF}", -20335, "Execution", "Macro", "Operacja EdytujRekord nie powiod³a siê, poniewa¿ alias domyœlny reprezentuje rekord bêd¹cy w stanie tylko do odczytu.", "EdytujRekord ", #05/19/2020 15:05:32#);
INSERT INTO [USysApplicationLog] ([ID], [SourceObject], [Data Macro Instance ID], [Error Number], [Category], [Object Type], [Description], [Context], [Created]) VALUES (14, "Przedmiot.AfterUpdate", "{7F02C3B9-D7B5-4EAE-A029-A6112344FC56}", -20335, "Execution", "Macro", "Operacja EdytujRekord nie powiod³a siê, poniewa¿ alias domyœlny reprezentuje rekord bêd¹cy w stanie tylko do odczytu.", "EdytujRekord ", #05/19/2020 15:05:52#);
INSERT INTO [USysApplicationLog] ([ID], [SourceObject], [Data Macro Instance ID], [Error Number], [Category], [Object Type], [Description], [Context], [Created]) VALUES (15, "Przedmiot.AfterUpdate", "{3D3F2240-C77D-45A7-BC2A-DD819F94B980}", -20335, "Execution", "Macro", "Operacja EdytujRekord nie powiod³a siê, poniewa¿ alias domyœlny reprezentuje rekord bêd¹cy w stanie tylko do odczytu.", "EdytujRekord ", #05/19/2020 15:06:11#);
INSERT INTO [USysApplicationLog] ([ID], [SourceObject], [Data Macro Instance ID], [Error Number], [Category], [Object Type], [Description], [Context], [Created]) VALUES (16, "Przedmiot.AfterUpdate", "{852D4065-DE42-4C13-8FF4-C6870F9C203C}", -20335, "Execution", "Macro", "Operacja EdytujRekord nie powiod³a siê, poniewa¿ alias domyœlny reprezentuje rekord bêd¹cy w stanie tylko do odczytu.", "EdytujRekord ", #05/19/2020 15:16:18#);
INSERT INTO [USysApplicationLog] ([ID], [SourceObject], [Data Macro Instance ID], [Error Number], [Category], [Object Type], [Description], [Context], [Created]) VALUES (17, "Przedmiot.AfterUpdate", "{0FB9D1D1-343E-4E2F-8188-12D85D8F352F}", -20335, "Execution", "Macro", "Operacja EdytujRekord nie powiod³a siê, poniewa¿ alias domyœlny reprezentuje rekord bêd¹cy w stanie tylko do odczytu.", "EdytujRekord ", #05/19/2020 15:16:21#);
INSERT INTO [USysApplicationLog] ([ID], [SourceObject], [Data Macro Instance ID], [Error Number], [Category], [Object Type], [Description], [Context], [Created]) VALUES (18, "Przedmiot.AfterUpdate", "{54953381-8AE5-44A4-AD67-0433DD15621B}", -20335, "Execution", "Macro", "Operacja EdytujRekord nie powiod³a siê, poniewa¿ alias domyœlny reprezentuje rekord bêd¹cy w stanie tylko do odczytu.", "EdytujRekord ", #05/19/2020 15:17:53#);
INSERT INTO [USysApplicationLog] ([ID], [SourceObject], [Data Macro Instance ID], [Error Number], [Category], [Object Type], [Description], [Context], [Created]) VALUES (19, "Przedmiot.AfterUpdate", "{0BCDA272-83DA-460F-A83A-1125C59A1239}", -20335, "Execution", "Macro", "Operacja EdytujRekord nie powiod³a siê, poniewa¿ alias domyœlny reprezentuje rekord bêd¹cy w stanie tylko do odczytu.", "EdytujRekord ", #05/19/2020 15:19:00#);
INSERT INTO [USysApplicationLog] ([ID], [SourceObject], [Data Macro Instance ID], [Error Number], [Category], [Object Type], [Description], [Context], [Created]) VALUES (20, "Zlozenie_pracy.AfterInsert", "{0BF5C501-1DAD-4081-9EB5-E09AADFF5434}", -20335, "Execution", "Macro", "Operacja EdytujRekord nie powiod³a siê, poniewa¿ alias domyœlny reprezentuje rekord bêd¹cy w stanie tylko do odczytu.", "EdytujRekord ", #05/22/2020 15:43:25#);
INSERT INTO [USysApplicationLog] ([ID], [SourceObject], [Data Macro Instance ID], [Error Number], [Category], [Object Type], [Description], [Context], [Created]) VALUES (21, "Zlozenie_pracy.AfterInsert", "{512EC25A-0628-4AF9-957C-C92710DB0845}", -20335, "Execution", "Macro", "Operacja EdytujRekord nie powiod³a siê, poniewa¿ alias domyœlny reprezentuje rekord bêd¹cy w stanie tylko do odczytu.", "EdytujRekord ", #05/22/2020 16:01:22#);
INSERT INTO [USysApplicationLog] ([ID], [SourceObject], [Data Macro Instance ID], [Error Number], [Category], [Object Type], [Description], [Context], [Created]) VALUES (22, "Zlozenie_pracy.AfterInsert", "{33137C72-D8EA-4898-A39C-6AE86B89D48F}", -20335, "Execution", "Macro", "Operacja EdytujRekord nie powiod³a siê, poniewa¿ alias domyœlny reprezentuje rekord bêd¹cy w stanie tylko do odczytu.", "EdytujRekord ", #05/22/2020 16:19:14#);
INSERT INTO [USysApplicationLog] ([ID], [SourceObject], [Data Macro Instance ID], [Error Number], [Category], [Object Type], [Description], [Context], [Created]) VALUES (23, "Zlozenie_pracy.AfterInsert", "{096B8510-9057-48BD-B4CE-8CB612018EC1}", -20335, "Execution", "Macro", "Operacja EdytujRekord nie powiod³a siê, poniewa¿ alias domyœlny reprezentuje rekord bêd¹cy w stanie tylko do odczytu.", "EdytujRekord ", #05/22/2020 16:48:07#);
INSERT INTO [USysApplicationLog] ([ID], [SourceObject], [Data Macro Instance ID], [Error Number], [Category], [Object Type], [Description], [Context], [Created]) VALUES (24, "Zlozenie_pracy.AfterInsert", "{2270C7BD-4A2D-40FB-BB61-ACD53A3DB922}", -20335, "Execution", "Macro", "Operacja EdytujRekord nie powiod³a siê, poniewa¿ alias domyœlny reprezentuje rekord bêd¹cy w stanie tylko do odczytu.", "EdytujRekord ", #05/22/2020 16:49:19#);
INSERT INTO [USysApplicationLog] ([ID], [SourceObject], [Data Macro Instance ID], [Error Number], [Category], [Object Type], [Description], [Context], [Created]) VALUES (25, "Obecnosc.AfterInsert", "{51808D75-897A-4CBC-B61D-9BD68DF29C53}", -20338, "Execution", "Macro", "Nieprawid³owy argument funkcji aktualizacji (Updated). Nazwê pola nale¿y podaæ jako wartoœæ ci¹gu ujêt¹ w cudzys³owy.", "Blok Je¿eli Updated([ID_Obecnosc])=True Or Updated([ID_Lekcja])=True Or Updated([ID_Student])=True Or Updated([Data])=True Or Updated([Modyfikacja])=True", #05/23/2020 02:57:20#);
INSERT INTO [Wyniki] ([ID_wynik], [ID_Student], [ID_Klasa], [ID_Przedmiot], [ID_Ocena], [Data_wstawienia], [Data_modyfikacji]) VALUES (1, 1, 1, 3, 2, #05/22/2020#, #05/23/2020 17:52:22#);
INSERT INTO [Wyniki] ([ID_wynik], [ID_Student], [ID_Klasa], [ID_Przedmiot], [ID_Ocena], [Data_wstawienia], [Data_modyfikacji]) VALUES (2, 1, 1, 2, 3, #05/23/2020#, #05/23/2020 18:04:20#);
INSERT INTO [Zapomogi] ([ID_Student], [ID_Stypednia], [ID_Kierunek], [Kwota]) VALUES (1, 1, 1, 520);
INSERT INTO [Zapomogi] ([ID_Student], [ID_Stypednia], [ID_Kierunek], [Kwota]) VALUES (10, 3, 19, 600);
INSERT INTO [Zapomogi] ([ID_Student], [ID_Stypednia], [ID_Kierunek], [Kwota]) VALUES (10, 3, 1, 600);
INSERT INTO [Zapomogi] ([ID_Student], [ID_Stypednia], [ID_Kierunek], [Kwota]) VALUES (12, 2, 33, 690);
INSERT INTO [Zapomogi] ([ID_Student], [ID_Stypednia], [ID_Kierunek], [Kwota]) VALUES (19, 4, 39, 550);
INSERT INTO [Zlozenie_pracy] ([ID_student], [ID_pd], [Data_zlozenia], [Podjecie_proby], [Data_obronienia], [Zgodnoœæ_z_tytu³em], [Poprawnoœæ_uk³adu], [Znajomosc_literatury], [Przyjêta_praca], [Wk³ad_w³asny], [Wynik], [Result]) VALUES (4, 5, #05/21/2020#, #06/04/2020#, #06/04/2020#, 4, 4, 4, 3, 3, 4, "Zaliczone");
INSERT INTO [Zlozenie_pracy] ([ID_student], [ID_pd], [Data_zlozenia], [Podjecie_proby], [Data_obronienia], [Zgodnoœæ_z_tytu³em], [Poprawnoœæ_uk³adu], [Znajomosc_literatury], [Przyjêta_praca], [Wk³ad_w³asny], [Wynik], [Result]) VALUES (17, 8, #05/21/2020#, #10/01/2020#, #10/01/2020#, 4, 3, 2, 2, 2, 3, "Zaliczone");
INSERT INTO [Zlozenie_pracy] ([ID_student], [ID_pd], [Data_zlozenia], [Podjecie_proby], [Data_obronienia], [Zgodnoœæ_z_tytu³em], [Poprawnoœæ_uk³adu], [Znajomosc_literatury], [Przyjêta_praca], [Wk³ad_w³asny], [Wynik], [Result]) VALUES (13, 7, #05/23/2020#, #06/11/2020#, #06/11/2020#, 4, 3, 4, 2, 2, 3, "Zaliczone");
INSERT INTO [Zlozenie_pracy] ([ID_student], [ID_pd], [Data_zlozenia], [Podjecie_proby], [Data_obronienia], [Zgodnoœæ_z_tytu³em], [Poprawnoœæ_uk³adu], [Znajomosc_literatury], [Przyjêta_praca], [Wk³ad_w³asny], [Wynik], [Result]) VALUES (18, 9, #05/28/2020#, #06/26/2020#, NULL, 2, 3, 2, 2, 3, 2.4, "Nie zaliczone");
INSERT INTO [Zlozenie_pracy] ([ID_student], [ID_pd], [Data_zlozenia], [Podjecie_proby], [Data_obronienia], [Zgodnoœæ_z_tytu³em], [Poprawnoœæ_uk³adu], [Znajomosc_literatury], [Przyjêta_praca], [Wk³ad_w³asny], [Wynik], [Result]) VALUES (18, 9, #05/28/2020#, #09/10/2020#, #09/10/2020#, 3, 3, 4, 4, 3, 3, "Zaliczone");
